﻿<?xml version="1.0" encoding="UTF-8" ?>
<cwbopendata xmlns="urn:cwb:gov:tw:cwbcommon:0.1">
  <identifier>CWB-EQ106030-2017-0622-073604</identifier>
  <sender>CWB_SC@scman.cwb.gov.tw</sender>
  <sent>2018-09-10T18:12:46+08:00</sent>
  <status>Actual</status>
  <msgType>Issue</msgType>
  <source>CWB</source>
  <scope>Public</scope>
  <dataset>
    <datasetInfo>
      <datasetDescription>地震報告</datasetDescription>
      <datasetLanguage>zh-TW</datasetLanguage>
      <issueTime>2018-09-10T18:12:46+08:00</issueTime>
      <validTime><endTime>2018-09-11T02:12:46+08:00</endTime></validTime>
    </datasetInfo>
    <earthquake>
      <reportType>地震報告</reportType>
      <earthquakeNo>106030</earthquakeNo>
      <reportContent>06/22-07:36臺南市近海發生規模4.1有感地震，最大震度臺南市七股5級。</reportContent>
      <reportColor>綠色</reportColor>
      <web>https://scweb.cwb.gov.tw/GraphicContent.aspx?ItemId=49&amp;fileString=2017062207360441030</web>
      <reportImageURI>https://scweb.cwb.gov.tw/webdata/OLDEQ/201706/2017062207360441030.gif</reportImageURI>
      <shakemapImageURI>https://scweb.cwb.gov.tw/webdata/drawTrace/plotContour/2017/2017030.gif</shakemapImageURI>
      <earthquakeInfo>
        <originTime>2017-06-22T07:36:04+08:00</originTime>
        <epicenter>
          <epicenterLon unit="度">120.06</epicenterLon>
          <epicenterLat unit="度">23.19</epicenterLat>
          <location>臺南市政府北偏西方  24.9  公里 (位於臺南市近海)</location>
        </epicenter>
        <depth unit="公里">14.6</depth>
        <magnitude>
          <magnitudeType>芮氏規模</magnitudeType>
          <magnitudeValue>4.1</magnitudeValue>
        </magnitude>
        <source>中央氣象局</source>
      </earthquakeInfo>
      <intensity>
        <shakingArea>
          <areaDesc>臺南市地區</areaDesc>
          <areaName>臺南市</areaName>
          <areaIntensity unit="級">5</areaIntensity>
          <infoStatus>observe</infoStatus>
          <eqStation>
            <stationName>七股</stationName>
            <stationCode>SCK</stationCode>
            <stationLon unit="度">120.09</stationLon>
            <stationLat unit="度">23.15</stationLat>
            <distance unit="公里">4.97</distance>
            <azimuth unit="度">329.68</azimuth>
            <stationIntensity unit="級">5</stationIntensity>
            <pga unit="gal">
              <vComponent>45.34</vComponent>
              <nsComponent>67.77</nsComponent>
              <ewComponent>82.90</ewComponent>
            </pga>
            <infoStatus>observe</infoStatus>
            <waveImageURI>https://scweb.cwb.gov.tw/webdata/drawTrace/outcome/2017/2017030/5-SCK.gif</waveImageURI>
          </eqStation>
          <eqStation>
            <stationName>佳里</stationName>
            <stationCode>SCL</stationCode>
            <stationLon unit="度">120.20</stationLon>
            <stationLat unit="度">23.17</stationLat>
            <distance unit="公里">14.40</distance>
            <azimuth unit="度">275.31</azimuth>
            <stationIntensity unit="級">4</stationIntensity>
            <pga unit="gal">
              <vComponent>5.26</vComponent>
              <nsComponent>11.07</nsComponent>
              <ewComponent>29.19</ewComponent>
            </pga>
            <infoStatus>observe</infoStatus>
            <waveImageURI>https://scweb.cwb.gov.tw/webdata/drawTrace/outcome/2017/2017030/4-SCL.gif</waveImageURI>
          </eqStation>
          <eqStation>
            <stationName>新化</stationName>
            <stationCode>CHN3</stationCode>
            <stationLon unit="度">120.36</stationLon>
            <stationLat unit="度">23.08</stationLat>
            <distance unit="公里">33.35</distance>
            <azimuth unit="度">291.47</azimuth>
            <stationIntensity unit="級">2</stationIntensity>
            <pga unit="gal">
              <vComponent>0.84</vComponent>
              <nsComponent>3.23</nsComponent>
              <ewComponent>2.51</ewComponent>
            </pga>
            <infoStatus>observe</infoStatus>
            <waveImageURI>https://scweb.cwb.gov.tw/webdata/drawTrace/outcome/2017/2017030/2-CHN3.gif</waveImageURI>
          </eqStation>
          <eqStation>
            <stationName>永康</stationName>
            <stationCode>TAI1</stationCode>
            <stationLon unit="度">120.24</stationLon>
            <stationLat unit="度">23.04</stationLat>
            <distance unit="公里">24.27</distance>
            <azimuth unit="度">312.39</azimuth>
            <stationIntensity unit="級">1</stationIntensity>
            <pga unit="gal">
              <vComponent>1.67</vComponent>
              <nsComponent>1.56</nsComponent>
              <ewComponent>1.26</ewComponent>
            </pga>
            <infoStatus>observe</infoStatus>
            <waveImageURI>https://scweb.cwb.gov.tw/webdata/drawTrace/outcome/2017/2017030/1-TAI1.gif</waveImageURI>
          </eqStation>
          <eqStation>
            <stationName>善化</stationName>
            <stationCode>SSH</stationCode>
            <stationLon unit="度">120.29</stationLon>
            <stationLat unit="度">23.14</stationLat>
            <distance unit="公里">23.83</distance>
            <azimuth unit="度">283.27</azimuth>
            <stationIntensity unit="級">1</stationIntensity>
            <pga unit="gal">
              <vComponent>1.50</vComponent>
              <nsComponent>1.73</nsComponent>
              <ewComponent>2.03</ewComponent>
            </pga>
            <infoStatus>observe</infoStatus>
            <waveImageURI>https://scweb.cwb.gov.tw/webdata/drawTrace/outcome/2017/2017030/1-SSH.gif</waveImageURI>
          </eqStation>
          <eqStation>
            <stationName>臺南市</stationName>
            <stationCode>TAI</stationCode>
            <stationLon unit="度">120.21</stationLon>
            <stationLat unit="度">22.99</stationLat>
            <distance unit="公里">25.90</distance>
            <azimuth unit="度">325.46</azimuth>
            <stationIntensity unit="級">1</stationIntensity>
            <pga unit="gal">
              <vComponent>1.73</vComponent>
              <nsComponent>1.56</nsComponent>
              <ewComponent>1.73</ewComponent>
            </pga>
            <infoStatus>observe</infoStatus>
            <waveImageURI>https://scweb.cwb.gov.tw/webdata/drawTrace/outcome/2017/2017030/1-TAI.gif</waveImageURI>
          </eqStation>
        </shakingArea>
        <shakingArea>
          <areaDesc>嘉義縣地區</areaDesc>
          <areaName>嘉義縣</areaName>
          <areaIntensity unit="級">2</areaIntensity>
          <infoStatus>observe</infoStatus>
          <eqStation>
            <stationName>六腳</stationName>
            <stationCode>CHN7</stationCode>
            <stationLon unit="度">120.24</stationLon>
            <stationLat unit="度">23.48</stationLat>
            <distance unit="公里">37.71</distance>
            <azimuth unit="度">208.83</azimuth>
            <stationIntensity unit="級">2</stationIntensity>
            <pga unit="gal">
              <vComponent>1.14</vComponent>
              <nsComponent>4.13</nsComponent>
              <ewComponent>3.95</ewComponent>
            </pga>
            <infoStatus>observe</infoStatus>
            <waveImageURI>https://scweb.cwb.gov.tw/webdata/drawTrace/outcome/2017/2017030/2-CHN7.gif</waveImageURI>
          </eqStation>
          <eqStation>
            <stationName>草山</stationName>
            <stationCode>CHN4</stationCode>
            <stationLon unit="度">120.59</stationLon>
            <stationLat unit="度">23.35</stationLat>
            <distance unit="公里">57.48</distance>
            <azimuth unit="度">251.34</azimuth>
            <stationIntensity unit="級">1</stationIntensity>
          </eqStation>
        </shakingArea>
        <shakingArea>
          <areaDesc>雲林縣地區</areaDesc>
          <areaName>雲林縣</areaName>
          <areaIntensity unit="級">1</areaIntensity>
          <infoStatus>observe</infoStatus>
          <eqStation>
            <stationName>四湖</stationName>
            <stationCode>WSF</stationCode>
            <stationLon unit="度">120.23</stationLon>
            <stationLat unit="度">23.64</stationLat>
            <distance unit="公里">52.88</distance>
            <azimuth unit="度">198.96</azimuth>
            <stationIntensity unit="級">1</stationIntensity>
            <pga unit="gal">
              <vComponent>0.42</vComponent>
              <nsComponent>1.02</nsComponent>
              <ewComponent>1.67</ewComponent>
            </pga>
            <infoStatus>observe</infoStatus>
            <waveImageURI>https://scweb.cwb.gov.tw/webdata/drawTrace/outcome/2017/2017030/1-WSF.gif</waveImageURI>
          </eqStation>
          <eqStation>
            <stationName>古坑</stationName>
            <stationCode>WGK</stationCode>
            <stationLon unit="度">120.57</stationLon>
            <stationLat unit="度">23.68</stationLat>
            <distance unit="公里">75.93</distance>
            <azimuth unit="度">223.19</azimuth>
            <stationIntensity unit="級">1</stationIntensity>
            <pga unit="gal">
              <vComponent>0.36</vComponent>
              <nsComponent>0.90</nsComponent>
              <ewComponent>0.72</ewComponent>
            </pga>
            <infoStatus>observe</infoStatus>
            <waveImageURI>https://scweb.cwb.gov.tw/webdata/drawTrace/outcome/2017/2017030/1-WGK.gif</waveImageURI>
          </eqStation>
          <eqStation>
            <stationName>斗六市</stationName>
            <stationCode>WDL</stationCode>
            <stationLon unit="度">120.54</stationLon>
            <stationLat unit="度">23.72</stationLat>
            <distance unit="公里">76.32</distance>
            <azimuth unit="度">219.67</azimuth>
            <stationIntensity unit="級">1</stationIntensity>
            <pga unit="gal">
              <vComponent>0.96</vComponent>
              <nsComponent>0.66</nsComponent>
              <ewComponent>1.44</ewComponent>
            </pga>
            <infoStatus>observe</infoStatus>
            <waveImageURI>https://scweb.cwb.gov.tw/webdata/drawTrace/outcome/2017/2017030/1-WDL.gif</waveImageURI>
          </eqStation>
        </shakingArea>
        <shakingArea>
          <areaDesc>彰化縣地區</areaDesc>
          <areaName>彰化縣</areaName>
          <areaIntensity unit="級">1</areaIntensity>
          <infoStatus>observe</infoStatus>
          <eqStation>
            <stationName>大城</stationName>
            <stationCode>WTC</stationCode>
            <stationLon unit="度">120.29</stationLon>
            <stationLat unit="度">23.86</stationLat>
            <distance unit="公里">78.51</distance>
            <azimuth unit="度">197.20</azimuth>
            <stationIntensity unit="級">1</stationIntensity>
            <pga unit="gal">
              <vComponent>0.66</vComponent>
              <nsComponent>1.44</nsComponent>
              <ewComponent>1.44</ewComponent>
            </pga>
            <infoStatus>observe</infoStatus>
            <waveImageURI>https://scweb.cwb.gov.tw/webdata/drawTrace/outcome/2017/2017030/1-WTC.gif</waveImageURI>
          </eqStation>
        </shakingArea>
        <shakingArea>
          <areaDesc>最大震度5級地區</areaDesc>
          <areaName>臺南市</areaName>
          <areaIntensity unit="級">5</areaIntensity>
        </shakingArea>
        <shakingArea>
          <areaDesc>最大震度2級地區</areaDesc>
          <areaName>嘉義縣</areaName>
          <areaIntensity unit="級">2</areaIntensity>
        </shakingArea>
        <shakingArea>
          <areaDesc>最大震度1級地區</areaDesc>
          <areaName>雲林縣、彰化縣</areaName>
          <areaIntensity unit="級">1</areaIntensity>
        </shakingArea>
      </intensity>
      <reportRemark>雲林縣、彰化縣</reportRemark>
    </earthquake>
  </dataset>
</cwbopendata>