﻿<?xml version="1.0" encoding="UTF-8" ?>
<cwbopendata xmlns="urn:cwb:gov:tw:cwbcommon:0.1">
  <identifier>CWB-EQ106027-2017-0611-004620</identifier>
  <sender>CWB_SC@scman.cwb.gov.tw</sender>
  <sent>2018-09-10T18:12:06+08:00</sent>
  <status>Actual</status>
  <msgType>Issue</msgType>
  <source>CWB</source>
  <scope>Public</scope>
  <dataset>
    <datasetInfo>
      <datasetDescription>地震報告</datasetDescription>
      <datasetLanguage>zh-TW</datasetLanguage>
      <issueTime>2018-09-10T18:12:06+08:00</issueTime>
      <validTime><endTime>2018-09-11T02:12:06+08:00</endTime></validTime>
    </datasetInfo>
    <earthquake>
      <reportType>地震報告</reportType>
      <earthquakeNo>106027</earthquakeNo>
      <reportContent>06/11-00:46宜蘭縣大同鄉發生規模4.0有感地震，最大震度宜蘭縣牛鬥3級。</reportContent>
      <reportColor>綠色</reportColor>
      <web>https://scweb.cwb.gov.tw/GraphicContent.aspx?ItemId=49&amp;fileString=2017061100462040027</web>
      <reportImageURI>https://scweb.cwb.gov.tw/webdata/OLDEQ/201706/2017061100462040027.gif</reportImageURI>
      <shakemapImageURI>https://scweb.cwb.gov.tw/webdata/drawTrace/plotContour/2017/2017027.gif</shakemapImageURI>
      <earthquakeInfo>
        <originTime>2017-06-11T00:46:20+08:00</originTime>
        <epicenter>
          <epicenterLon unit="度">121.63</epicenterLon>
          <epicenterLat unit="度">24.62</epicenterLat>
          <location>宜蘭縣政府西南方  18.5  公里 (位於宜蘭縣大同鄉)</location>
        </epicenter>
        <depth unit="公里">58.1</depth>
        <magnitude>
          <magnitudeType>芮氏規模</magnitudeType>
          <magnitudeValue>4.0</magnitudeValue>
        </magnitude>
        <source>中央氣象局</source>
      </earthquakeInfo>
      <intensity>
        <shakingArea>
          <areaDesc>宜蘭縣地區</areaDesc>
          <areaName>宜蘭縣</areaName>
          <areaIntensity unit="級">3</areaIntensity>
          <infoStatus>observe</infoStatus>
          <eqStation>
            <stationName>牛鬥</stationName>
            <stationCode>ENT</stationCode>
            <stationLon unit="度">121.57</stationLon>
            <stationLat unit="度">24.64</stationLat>
            <distance unit="公里">5.66</distance>
            <azimuth unit="度">110.22</azimuth>
            <stationIntensity unit="級">3</stationIntensity>
          </eqStation>
          <eqStation>
            <stationName>內城</stationName>
            <stationCode>TWE</stationCode>
            <stationLon unit="度">121.68</stationLon>
            <stationLat unit="度">24.72</stationLat>
            <distance unit="公里">12.35</distance>
            <azimuth unit="度">207.66</azimuth>
            <stationIntensity unit="級">3</stationIntensity>
          </eqStation>
          <eqStation>
            <stationName>宜蘭市</stationName>
            <stationCode>ILA</stationCode>
            <stationLon unit="度">121.76</stationLon>
            <stationLat unit="度">24.76</stationLat>
            <distance unit="公里">20.69</distance>
            <azimuth unit="度">219.50</azimuth>
            <stationIntensity unit="級">2</stationIntensity>
          </eqStation>
          <eqStation>
            <stationName>南澳</stationName>
            <stationCode>ENA</stationCode>
            <stationLon unit="度">121.75</stationLon>
            <stationLat unit="度">24.43</stationLat>
            <distance unit="公里">24.85</distance>
            <azimuth unit="度">329.95</azimuth>
            <stationIntensity unit="級">2</stationIntensity>
            <pga unit="gal">
              <vComponent>0.90</vComponent>
              <nsComponent>2.27</nsComponent>
              <ewComponent>2.87</ewComponent>
            </pga>
            <infoStatus>observe</infoStatus>
            <waveImageURI>https://scweb.cwb.gov.tw/webdata/drawTrace/outcome/2017/2017027/2-ENA.gif</waveImageURI>
          </eqStation>
          <eqStation>
            <stationName>南山</stationName>
            <stationCode>NNS</stationCode>
            <stationLon unit="度">121.38</stationLon>
            <stationLat unit="度">24.44</stationLat>
            <distance unit="公里">32.00</distance>
            <azimuth unit="度">50.83</azimuth>
            <stationIntensity unit="級">2</stationIntensity>
            <pga unit="gal">
              <vComponent>0.54</vComponent>
              <nsComponent>4.43</nsComponent>
              <ewComponent>2.51</ewComponent>
            </pga>
            <infoStatus>observe</infoStatus>
            <waveImageURI>https://scweb.cwb.gov.tw/webdata/drawTrace/outcome/2017/2017027/2-NNS.gif</waveImageURI>
          </eqStation>
          <eqStation>
            <stationName>羅東</stationName>
            <stationCode>NLD</stationCode>
            <stationLon unit="度">121.77</stationLon>
            <stationLat unit="度">24.67</stationLat>
            <distance unit="公里">15.99</distance>
            <azimuth unit="度">248.15</azimuth>
            <stationIntensity unit="級">1</stationIntensity>
            <pga unit="gal">
              <vComponent>1.02</vComponent>
              <nsComponent>0.96</nsComponent>
              <ewComponent>1.50</ewComponent>
            </pga>
            <infoStatus>observe</infoStatus>
            <waveImageURI>https://scweb.cwb.gov.tw/webdata/drawTrace/outcome/2017/2017027/1-NLD.gif</waveImageURI>
          </eqStation>
          <eqStation>
            <stationName>蘇澳</stationName>
            <stationCode>TWC</stationCode>
            <stationLon unit="度">121.86</stationLon>
            <stationLat unit="度">24.61</stationLat>
            <distance unit="公里">23.66</distance>
            <azimuth unit="度">273.08</azimuth>
            <stationIntensity unit="級">1</stationIntensity>
            <pga unit="gal">
              <vComponent>0.30</vComponent>
              <nsComponent>1.26</nsComponent>
              <ewComponent>1.26</ewComponent>
            </pga>
            <infoStatus>observe</infoStatus>
            <waveImageURI>https://scweb.cwb.gov.tw/webdata/drawTrace/outcome/2017/2017027/1-TWC.gif</waveImageURI>
          </eqStation>
        </shakingArea>
        <shakingArea>
          <areaDesc>桃園縣地區</areaDesc>
          <areaName>桃園縣</areaName>
          <areaIntensity unit="級">2</areaIntensity>
          <infoStatus>observe</infoStatus>
          <eqStation>
            <stationName>桃園市</stationName>
            <stationCode>NTY</stationCode>
            <stationLon unit="度">121.31</stationLon>
            <stationLat unit="度">25.00</stationLat>
            <distance unit="公里">52.97</distance>
            <azimuth unit="度">142.43</azimuth>
            <stationIntensity unit="級">2</stationIntensity>
            <pga unit="gal">
              <vComponent>0.78</vComponent>
              <nsComponent>2.57</nsComponent>
              <ewComponent>1.85</ewComponent>
            </pga>
            <infoStatus>observe</infoStatus>
            <waveImageURI>https://scweb.cwb.gov.tw/webdata/drawTrace/outcome/2017/2017027/2-NTY.gif</waveImageURI>
          </eqStation>
          <eqStation>
            <stationName>三光</stationName>
            <stationCode>NSK</stationCode>
            <stationLon unit="度">121.37</stationLon>
            <stationLat unit="度">24.67</stationLat>
            <distance unit="公里">26.94</distance>
            <azimuth unit="度">102.88</azimuth>
            <stationIntensity unit="級">1</stationIntensity>
            <pga unit="gal">
              <vComponent>0.30</vComponent>
              <nsComponent>1.91</nsComponent>
              <ewComponent>1.38</ewComponent>
            </pga>
            <infoStatus>observe</infoStatus>
            <waveImageURI>https://scweb.cwb.gov.tw/webdata/drawTrace/outcome/2017/2017027/1-NSK.gif</waveImageURI>
          </eqStation>
          <eqStation>
            <stationName>中壢</stationName>
            <stationCode>NCU</stationCode>
            <stationLon unit="度">121.19</stationLon>
            <stationLat unit="度">24.97</stationLat>
            <distance unit="公里">58.25</distance>
            <azimuth unit="度">131.47</azimuth>
            <stationIntensity unit="級">1</stationIntensity>
            <pga unit="gal">
              <vComponent>0.36</vComponent>
              <nsComponent>1.56</nsComponent>
              <ewComponent>1.08</ewComponent>
            </pga>
            <infoStatus>observe</infoStatus>
            <waveImageURI>https://scweb.cwb.gov.tw/webdata/drawTrace/outcome/2017/2017027/1-NCU.gif</waveImageURI>
          </eqStation>
        </shakingArea>
        <shakingArea>
          <areaDesc>新北市地區</areaDesc>
          <areaName>新北市</areaName>
          <areaIntensity unit="級">1</areaIntensity>
          <infoStatus>observe</infoStatus>
          <eqStation>
            <stationName>新北市</stationName>
            <stationCode>BAC</stationCode>
            <stationLon unit="度">121.44</stationLon>
            <stationLat unit="度">25.00</stationLat>
            <distance unit="公里">45.89</distance>
            <azimuth unit="度">156.03</azimuth>
            <stationIntensity unit="級">1</stationIntensity>
            <pga unit="gal">
              <vComponent>0.78</vComponent>
              <nsComponent>0.90</nsComponent>
              <ewComponent>0.66</ewComponent>
            </pga>
            <infoStatus>observe</infoStatus>
            <waveImageURI>https://scweb.cwb.gov.tw/webdata/drawTrace/outcome/2017/2017027/1-BAC.gif</waveImageURI>
          </eqStation>
          <eqStation>
            <stationName>五股</stationName>
            <stationCode>TWS1</stationCode>
            <stationLon unit="度">121.42</stationLon>
            <stationLat unit="度">25.10</stationLat>
            <distance unit="公里">57.27</distance>
            <azimuth unit="度">159.02</azimuth>
            <stationIntensity unit="級">1</stationIntensity>
            <pga unit="gal">
              <vComponent>0.48</vComponent>
              <nsComponent>1.02</nsComponent>
              <ewComponent>1.14</ewComponent>
            </pga>
            <infoStatus>observe</infoStatus>
            <waveImageURI>https://scweb.cwb.gov.tw/webdata/drawTrace/outcome/2017/2017027/1-TWS1.gif</waveImageURI>
          </eqStation>
        </shakingArea>
        <shakingArea>
          <areaDesc>花蓮縣地區</areaDesc>
          <areaName>花蓮縣</areaName>
          <areaIntensity unit="級">1</areaIntensity>
          <infoStatus>observe</infoStatus>
          <eqStation>
            <stationName>太魯閣</stationName>
            <stationCode>ETL</stationCode>
            <stationLon unit="度">121.62</stationLon>
            <stationLat unit="度">24.16</stationLat>
            <distance unit="公里">51.21</distance>
            <azimuth unit="度">0.36</azimuth>
            <stationIntensity unit="級">1</stationIntensity>
            <pga unit="gal">
              <vComponent>0.84</vComponent>
              <nsComponent>2.21</nsComponent>
              <ewComponent>1.32</ewComponent>
            </pga>
            <infoStatus>observe</infoStatus>
            <waveImageURI>https://scweb.cwb.gov.tw/webdata/drawTrace/outcome/2017/2017027/1-ETL.gif</waveImageURI>
          </eqStation>
        </shakingArea>
        <shakingArea>
          <areaDesc>新竹縣地區</areaDesc>
          <areaName>新竹縣</areaName>
          <areaIntensity unit="級">1</areaIntensity>
          <infoStatus>observe</infoStatus>
          <eqStation>
            <stationName>竹東</stationName>
            <stationCode>NJD</stationCode>
            <stationLon unit="度">121.09</stationLon>
            <stationLat unit="度">24.74</stationLat>
            <distance unit="公里">55.96</distance>
            <azimuth unit="度">103.31</azimuth>
            <stationIntensity unit="級">1</stationIntensity>
            <pga unit="gal">
              <vComponent>0.78</vComponent>
              <nsComponent>1.97</nsComponent>
              <ewComponent>1.26</ewComponent>
            </pga>
            <infoStatus>observe</infoStatus>
            <waveImageURI>https://scweb.cwb.gov.tw/webdata/drawTrace/outcome/2017/2017027/1-NJD.gif</waveImageURI>
          </eqStation>
        </shakingArea>
        <shakingArea>
          <areaDesc>臺北市地區</areaDesc>
          <areaName>臺北市</areaName>
          <areaIntensity unit="級">1</areaIntensity>
          <infoStatus>observe</infoStatus>
          <eqStation>
            <stationName>陽明山</stationName>
            <stationCode>ANP</stationCode>
            <stationLon unit="度">121.53</stationLon>
            <stationLat unit="度">25.18</stationLat>
            <distance unit="公里">63.25</distance>
            <azimuth unit="度">171.09</azimuth>
            <stationIntensity unit="級">1</stationIntensity>
          </eqStation>
          <eqStation>
            <stationName>信義區</stationName>
            <stationCode>NHY</stationCode>
            <stationLon unit="度">121.57</stationLon>
            <stationLat unit="度">25.04</stationLat>
            <distance unit="公里">47.09</distance>
            <azimuth unit="度">172.98</azimuth>
            <stationIntensity unit="級">1</stationIntensity>
          </eqStation>
        </shakingArea>
        <shakingArea>
          <areaDesc>臺中市地區</areaDesc>
          <areaName>臺中市</areaName>
          <areaIntensity unit="級">1</areaIntensity>
          <infoStatus>observe</infoStatus>
          <eqStation>
            <stationName>德基</stationName>
            <stationCode>TWT</stationCode>
            <stationLon unit="度">121.16</stationLon>
            <stationLat unit="度">24.25</stationLat>
            <distance unit="公里">62.54</distance>
            <azimuth unit="度">48.88</azimuth>
            <stationIntensity unit="級">1</stationIntensity>
            <pga unit="gal">
              <vComponent>0.48</vComponent>
              <nsComponent>1.08</nsComponent>
              <ewComponent>1.14</ewComponent>
            </pga>
            <infoStatus>observe</infoStatus>
            <waveImageURI>https://scweb.cwb.gov.tw/webdata/drawTrace/outcome/2017/2017027/1-TWT.gif</waveImageURI>
          </eqStation>
        </shakingArea>
        <shakingArea>
          <areaDesc>新竹市地區</areaDesc>
          <areaName>新竹市</areaName>
          <areaIntensity unit="級">1</areaIntensity>
          <infoStatus>observe</infoStatus>
          <eqStation>
            <stationName>新竹市</stationName>
            <stationCode>HSN1</stationCode>
            <stationLon unit="度">121.02</stationLon>
            <stationLat unit="度">24.78</stationLat>
            <distance unit="公里">63.98</distance>
            <azimuth unit="度">105.99</azimuth>
            <stationIntensity unit="級">1</stationIntensity>
            <pga unit="gal">
              <vComponent>0.36</vComponent>
              <nsComponent>0.90</nsComponent>
              <ewComponent>0.90</ewComponent>
            </pga>
            <infoStatus>observe</infoStatus>
            <waveImageURI>https://scweb.cwb.gov.tw/webdata/drawTrace/outcome/2017/2017027/1-HSN1.gif</waveImageURI>
          </eqStation>
        </shakingArea>
        <shakingArea>
          <areaDesc>南投縣地區</areaDesc>
          <areaName>南投縣</areaName>
          <areaIntensity unit="級">1</areaIntensity>
          <infoStatus>observe</infoStatus>
          <eqStation>
            <stationName>合歡山</stationName>
            <stationCode>WHF</stationCode>
            <stationLon unit="度">121.27</stationLon>
            <stationLat unit="度">24.14</stationLat>
            <distance unit="公里">63.87</distance>
            <azimuth unit="度">34.18</azimuth>
            <stationIntensity unit="級">1</stationIntensity>
          </eqStation>
        </shakingArea>
        <shakingArea>
          <areaDesc>苗栗縣地區</areaDesc>
          <areaName>苗栗縣</areaName>
          <areaIntensity unit="級">1</areaIntensity>
          <infoStatus>observe</infoStatus>
          <eqStation>
            <stationName>獅潭</stationName>
            <stationCode>NSD</stationCode>
            <stationLon unit="度">120.92</stationLon>
            <stationLat unit="度">24.54</stationLat>
            <distance unit="公里">72.00</distance>
            <azimuth unit="度">82.95</azimuth>
            <stationIntensity unit="級">1</stationIntensity>
            <pga unit="gal">
              <vComponent>0.66</vComponent>
              <nsComponent>0.90</nsComponent>
              <ewComponent>0.48</ewComponent>
            </pga>
            <infoStatus>observe</infoStatus>
            <waveImageURI>https://scweb.cwb.gov.tw/webdata/drawTrace/outcome/2017/2017027/1-NSD.gif</waveImageURI>
          </eqStation>
          <eqStation>
            <stationName>三義</stationName>
            <stationCode>NSY</stationCode>
            <stationLon unit="度">120.77</stationLon>
            <stationLat unit="度">24.41</stationLat>
            <distance unit="公里">89.75</distance>
            <azimuth unit="度">75.29</azimuth>
            <stationIntensity unit="級">1</stationIntensity>
            <pga unit="gal">
              <vComponent>0.96</vComponent>
              <nsComponent>0.30</nsComponent>
              <ewComponent>0.24</ewComponent>
            </pga>
            <infoStatus>observe</infoStatus>
            <waveImageURI>https://scweb.cwb.gov.tw/webdata/drawTrace/outcome/2017/2017027/1-NSY.gif</waveImageURI>
          </eqStation>
        </shakingArea>
        <shakingArea>
          <areaDesc>最大震度3級地區</areaDesc>
          <areaName>宜蘭縣</areaName>
          <areaIntensity unit="級">3</areaIntensity>
        </shakingArea>
        <shakingArea>
          <areaDesc>最大震度2級地區</areaDesc>
          <areaName>桃園縣</areaName>
          <areaIntensity unit="級">2</areaIntensity>
        </shakingArea>
        <shakingArea>
          <areaDesc>最大震度1級地區</areaDesc>
          <areaName>新北市、花蓮縣、新竹縣、臺北市、臺中市、新竹市、南投縣、苗栗縣</areaName>
          <areaIntensity unit="級">1</areaIntensity>
        </shakingArea>
      </intensity>
      <reportRemark>新北市、花蓮縣、新竹縣、臺北市、臺中市、新竹市、南投縣、苗栗縣</reportRemark>
    </earthquake>
  </dataset>
</cwbopendata>