﻿<?xml version="1.0" encoding="UTF-8" ?>
<cwbopendata xmlns="urn:cwb:gov:tw:cwbcommon:0.1">
  <identifier>CWB-EQ106022-2017-0516-071254</identifier>
  <sender>CWB_SC@scman.cwb.gov.tw</sender>
  <sent>2018-09-10T18:10:10+08:00</sent>
  <status>Actual</status>
  <msgType>Issue</msgType>
  <source>CWB</source>
  <scope>Public</scope>
  <dataset>
    <datasetInfo>
      <datasetDescription>地震報告</datasetDescription>
      <datasetLanguage>zh-TW</datasetLanguage>
      <issueTime>2018-09-10T18:10:10+08:00</issueTime>
      <validTime><endTime>2018-09-11T02:10:10+08:00</endTime></validTime>
    </datasetInfo>
    <earthquake>
      <reportType>地震報告</reportType>
      <earthquakeNo>106022</earthquakeNo>
      <reportContent>05/16-07:12臺東縣近海發生規模5.7有感地震，最大震度臺東縣長濱5級。</reportContent>
      <reportColor>黃色</reportColor>
      <web>https://scweb.cwb.gov.tw/GraphicContent.aspx?ItemId=49&amp;fileString=2017051607125457022</web>
      <reportImageURI>https://scweb.cwb.gov.tw/webdata/OLDEQ/201705/2017051607125457022.gif</reportImageURI>
      <shakemapImageURI>https://scweb.cwb.gov.tw/webdata/drawTrace/plotContour/2017/2017022.gif</shakemapImageURI>
      <earthquakeInfo>
        <originTime>2017-05-16T07:12:54+08:00</originTime>
        <epicenter>
          <epicenterLon unit="度">121.43</epicenterLon>
          <epicenterLat unit="度">23.28</epicenterLat>
          <location>臺東縣政府北偏東方  64.9  公里 (位於臺東縣近海)</location>
        </epicenter>
        <depth unit="公里">24.9</depth>
        <magnitude>
          <magnitudeType>芮氏規模</magnitudeType>
          <magnitudeValue>5.7</magnitudeValue>
        </magnitude>
        <source>中央氣象局</source>
      </earthquakeInfo>
      <intensity>
        <shakingArea>
          <areaDesc>臺東縣地區</areaDesc>
          <areaName>臺東縣</areaName>
          <areaIntensity unit="級">5</areaIntensity>
          <infoStatus>observe</infoStatus>
          <eqStation>
            <stationName>長濱</stationName>
            <stationCode>ECB</stationCode>
            <stationLon unit="度">121.45</stationLon>
            <stationLat unit="度">23.32</stationLat>
            <distance unit="公里">4.48</distance>
            <azimuth unit="度">204.81</azimuth>
            <stationIntensity unit="級">5</stationIntensity>
            <pga unit="gal">
              <vComponent>87.33</vComponent>
              <nsComponent>171.19</nsComponent>
              <ewComponent>231.90</ewComponent>
            </pga>
            <infoStatus>observe</infoStatus>
            <waveImageURI>https://scweb.cwb.gov.tw/webdata/drawTrace/outcome/2017/2017022/5-ECB.gif</waveImageURI>
          </eqStation>
          <eqStation>
            <stationName>成功</stationName>
            <stationCode>CHK</stationCode>
            <stationLon unit="度">121.37</stationLon>
            <stationLat unit="度">23.10</stationLat>
            <distance unit="公里">21.10</distance>
            <azimuth unit="度">16.93</azimuth>
            <stationIntensity unit="級">5</stationIntensity>
            <pga unit="gal">
              <vComponent>26.62</vComponent>
              <nsComponent>119.45</nsComponent>
              <ewComponent>75.49</ewComponent>
            </pga>
            <infoStatus>observe</infoStatus>
            <waveImageURI>https://scweb.cwb.gov.tw/webdata/drawTrace/outcome/2017/2017022/5-CHK.gif</waveImageURI>
          </eqStation>
          <eqStation>
            <stationName>池上</stationName>
            <stationCode>ECS</stationCode>
            <stationLon unit="度">121.22</stationLon>
            <stationLat unit="度">23.10</stationLat>
            <distance unit="公里">29.94</distance>
            <azimuth unit="度">46.92</azimuth>
            <stationIntensity unit="級">4</stationIntensity>
            <pga unit="gal">
              <vComponent>22.31</vComponent>
              <nsComponent>45.52</nsComponent>
              <ewComponent>38.46</ewComponent>
            </pga>
            <infoStatus>observe</infoStatus>
            <waveImageURI>https://scweb.cwb.gov.tw/webdata/drawTrace/outcome/2017/2017022/4-ECS.gif</waveImageURI>
          </eqStation>
          <eqStation>
            <stationName>東河</stationName>
            <stationCode>EDH</stationCode>
            <stationLon unit="度">121.30</stationLon>
            <stationLat unit="度">22.97</stationLat>
            <distance unit="公里">36.59</distance>
            <azimuth unit="度">21.00</azimuth>
            <stationIntensity unit="級">4</stationIntensity>
            <pga unit="gal">
              <vComponent>26.74</vComponent>
              <nsComponent>45.58</nsComponent>
              <ewComponent>57.84</ewComponent>
            </pga>
            <infoStatus>observe</infoStatus>
            <waveImageURI>https://scweb.cwb.gov.tw/webdata/drawTrace/outcome/2017/2017022/4-EDH.gif</waveImageURI>
          </eqStation>
          <eqStation>
            <stationName>利稻</stationName>
            <stationCode>ELD</stationCode>
            <stationLon unit="度">121.03</stationLon>
            <stationLat unit="度">23.19</stationLat>
            <distance unit="公里">42.96</distance>
            <azimuth unit="度">76.16</azimuth>
            <stationIntensity unit="級">3</stationIntensity>
            <pga unit="gal">
              <vComponent>11.07</vComponent>
              <nsComponent>13.88</nsComponent>
              <ewComponent>9.09</ewComponent>
            </pga>
            <infoStatus>observe</infoStatus>
            <waveImageURI>https://scweb.cwb.gov.tw/webdata/drawTrace/outcome/2017/2017022/3-ELD.gif</waveImageURI>
          </eqStation>
          <eqStation>
            <stationName>初鹿</stationName>
            <stationCode>ECU</stationCode>
            <stationLon unit="度">121.09</stationLon>
            <stationLat unit="度">22.86</stationLat>
            <distance unit="公里">58.24</distance>
            <azimuth unit="度">36.88</azimuth>
            <stationIntensity unit="級">2</stationIntensity>
            <pga unit="gal">
              <vComponent>3.47</vComponent>
              <nsComponent>7.96</nsComponent>
              <ewComponent>7.54</ewComponent>
            </pga>
            <infoStatus>observe</infoStatus>
            <waveImageURI>https://scweb.cwb.gov.tw/webdata/drawTrace/outcome/2017/2017022/2-ECU.gif</waveImageURI>
          </eqStation>
          <eqStation>
            <stationName>卑南</stationName>
            <stationCode>TWG</stationCode>
            <stationLon unit="度">121.08</stationLon>
            <stationLat unit="度">22.82</stationLat>
            <distance unit="公里">62.72</distance>
            <azimuth unit="度">35.20</azimuth>
            <stationIntensity unit="級">2</stationIntensity>
            <pga unit="gal">
              <vComponent>2.87</vComponent>
              <nsComponent>4.43</nsComponent>
              <ewComponent>4.90</ewComponent>
            </pga>
            <infoStatus>observe</infoStatus>
            <waveImageURI>https://scweb.cwb.gov.tw/webdata/drawTrace/outcome/2017/2017022/2-TWG.gif</waveImageURI>
          </eqStation>
          <eqStation>
            <stationName>臺東市</stationName>
            <stationCode>TTN</stationCode>
            <stationLon unit="度">121.15</stationLon>
            <stationLat unit="度">22.75</stationLat>
            <distance unit="公里">65.09</distance>
            <azimuth unit="度">25.97</azimuth>
            <stationIntensity unit="級">2</stationIntensity>
            <pga unit="gal">
              <vComponent>2.93</vComponent>
              <nsComponent>4.96</nsComponent>
              <ewComponent>5.62</ewComponent>
            </pga>
            <infoStatus>observe</infoStatus>
            <waveImageURI>https://scweb.cwb.gov.tw/webdata/drawTrace/outcome/2017/2017022/2-TTN.gif</waveImageURI>
          </eqStation>
          <eqStation>
            <stationName>綠島</stationName>
            <stationCode>LDU</stationCode>
            <stationLon unit="度">121.47</stationLon>
            <stationLat unit="度">22.67</stationLat>
            <distance unit="公里">67.37</distance>
            <azimuth unit="度">356.82</azimuth>
            <stationIntensity unit="級">2</stationIntensity>
            <pga unit="gal">
              <vComponent>1.38</vComponent>
              <nsComponent>2.75</nsComponent>
              <ewComponent>2.63</ewComponent>
            </pga>
            <infoStatus>observe</infoStatus>
            <waveImageURI>https://scweb.cwb.gov.tw/webdata/drawTrace/outcome/2017/2017022/2-LDU.gif</waveImageURI>
          </eqStation>
          <eqStation>
            <stationName>蘭嶼</stationName>
            <stationCode>LAY</stationCode>
            <stationLon unit="度">121.56</stationLon>
            <stationLat unit="度">22.04</stationLat>
            <distance unit="公里">138.41</distance>
            <azimuth unit="度">354.66</azimuth>
            <stationIntensity unit="級">2</stationIntensity>
            <pga unit="gal">
              <vComponent>0.78</vComponent>
              <nsComponent>3.47</nsComponent>
              <ewComponent>3.17</ewComponent>
            </pga>
            <infoStatus>observe</infoStatus>
            <waveImageURI>https://scweb.cwb.gov.tw/webdata/drawTrace/outcome/2017/2017022/2-LAY.gif</waveImageURI>
          </eqStation>
          <eqStation>
            <stationName>太麻里</stationName>
            <stationCode>ECL</stationCode>
            <stationLon unit="度">120.96</stationLon>
            <stationLat unit="度">22.60</stationLat>
            <distance unit="公里">89.92</distance>
            <azimuth unit="度">32.49</azimuth>
            <stationIntensity unit="級">1</stationIntensity>
            <pga unit="gal">
              <vComponent>0.78</vComponent>
              <nsComponent>1.08</nsComponent>
              <ewComponent>1.85</ewComponent>
            </pga>
            <infoStatus>observe</infoStatus>
            <waveImageURI>https://scweb.cwb.gov.tw/webdata/drawTrace/outcome/2017/2017022/1-ECL.gif</waveImageURI>
          </eqStation>
          <eqStation>
            <stationName>大武</stationName>
            <stationCode>TAW</stationCode>
            <stationLon unit="度">120.90</stationLon>
            <stationLat unit="度">22.36</stationLat>
            <distance unit="公里">115.99</distance>
            <azimuth unit="度">27.93</azimuth>
            <stationIntensity unit="級">1</stationIntensity>
            <pga unit="gal">
              <vComponent>0.30</vComponent>
              <nsComponent>0.72</nsComponent>
              <ewComponent>0.90</ewComponent>
            </pga>
            <infoStatus>observe</infoStatus>
            <waveImageURI>https://scweb.cwb.gov.tw/webdata/drawTrace/outcome/2017/2017022/1-TAW.gif</waveImageURI>
          </eqStation>
          <eqStation>
            <stationName>安朔</stationName>
            <stationCode>EAS</stationCode>
            <stationLon unit="度">120.86</stationLon>
            <stationLat unit="度">22.38</stationLat>
            <distance unit="公里">115.87</distance>
            <azimuth unit="度">30.68</azimuth>
            <stationIntensity unit="級">1</stationIntensity>
            <pga unit="gal">
              <vComponent>0.66</vComponent>
              <nsComponent>1.02</nsComponent>
              <ewComponent>0.96</ewComponent>
            </pga>
            <infoStatus>observe</infoStatus>
            <waveImageURI>https://scweb.cwb.gov.tw/webdata/drawTrace/outcome/2017/2017022/1-EAS.gif</waveImageURI>
          </eqStation>
        </shakingArea>
        <shakingArea>
          <areaDesc>花蓮縣地區</areaDesc>
          <areaName>花蓮縣</areaName>
          <areaIntensity unit="級">3</areaIntensity>
          <infoStatus>observe</infoStatus>
          <eqStation>
            <stationName>玉里</stationName>
            <stationCode>TWF1</stationCode>
            <stationLon unit="度">121.31</stationLon>
            <stationLat unit="度">23.35</stationLat>
            <distance unit="公里">15.26</distance>
            <azimuth unit="度">121.25</azimuth>
            <stationIntensity unit="級">3</stationIntensity>
            <pga unit="gal">
              <vComponent>14.06</vComponent>
              <nsComponent>10.77</nsComponent>
              <ewComponent>15.37</ewComponent>
            </pga>
            <infoStatus>observe</infoStatus>
            <waveImageURI>https://scweb.cwb.gov.tw/webdata/drawTrace/outcome/2017/2017022/3-TWF1.gif</waveImageURI>
          </eqStation>
          <eqStation>
            <stationName>紅葉</stationName>
            <stationCode>EHY</stationCode>
            <stationLon unit="度">121.33</stationLon>
            <stationLat unit="度">23.50</stationLat>
            <distance unit="公里">27.08</distance>
            <azimuth unit="度">156.69</azimuth>
            <stationIntensity unit="級">3</stationIntensity>
            <pga unit="gal">
              <vComponent>7.90</vComponent>
              <nsComponent>10.89</nsComponent>
              <ewComponent>14.95</ewComponent>
            </pga>
            <infoStatus>observe</infoStatus>
            <waveImageURI>https://scweb.cwb.gov.tw/webdata/drawTrace/outcome/2017/2017022/3-EHY.gif</waveImageURI>
          </eqStation>
          <eqStation>
            <stationName>磯崎</stationName>
            <stationCode>EGC</stationCode>
            <stationLon unit="度">121.55</stationLon>
            <stationLat unit="度">23.71</stationLat>
            <distance unit="公里">48.92</distance>
            <azimuth unit="度">193.85</azimuth>
            <stationIntensity unit="級">3</stationIntensity>
            <pga unit="gal">
              <vComponent>6.76</vComponent>
              <nsComponent>12.38</nsComponent>
              <ewComponent>13.28</ewComponent>
            </pga>
            <infoStatus>observe</infoStatus>
            <waveImageURI>https://scweb.cwb.gov.tw/webdata/drawTrace/outcome/2017/2017022/3-EGC.gif</waveImageURI>
          </eqStation>
          <eqStation>
            <stationName>鹽寮</stationName>
            <stationCode>EYL</stationCode>
            <stationLon unit="度">121.60</stationLon>
            <stationLat unit="度">23.90</stationLat>
            <distance unit="公里">71.35</distance>
            <azimuth unit="度">194.00</azimuth>
            <stationIntensity unit="級">3</stationIntensity>
            <pga unit="gal">
              <vComponent>3.95</vComponent>
              <nsComponent>10.53</nsComponent>
              <ewComponent>9.81</ewComponent>
            </pga>
            <infoStatus>observe</infoStatus>
            <waveImageURI>https://scweb.cwb.gov.tw/webdata/drawTrace/outcome/2017/2017022/3-EYL.gif</waveImageURI>
          </eqStation>
          <eqStation>
            <stationName>光復</stationName>
            <stationCode>EGF</stationCode>
            <stationLon unit="度">121.48</stationLon>
            <stationLat unit="度">23.68</stationLat>
            <distance unit="公里">45.20</distance>
            <azimuth unit="度">186.44</azimuth>
            <stationIntensity unit="級">3</stationIntensity>
            <pga unit="gal">
              <vComponent>5.98</vComponent>
              <nsComponent>13.34</nsComponent>
              <ewComponent>15.01</ewComponent>
            </pga>
            <infoStatus>observe</infoStatus>
            <waveImageURI>https://scweb.cwb.gov.tw/webdata/drawTrace/outcome/2017/2017022/3-EGF.gif</waveImageURI>
          </eqStation>
          <eqStation>
            <stationName>西林</stationName>
            <stationCode>ESL</stationCode>
            <stationLon unit="度">121.44</stationLon>
            <stationLat unit="度">23.81</stationLat>
            <distance unit="公里">59.04</distance>
            <azimuth unit="度">180.86</azimuth>
            <stationIntensity unit="級">2</stationIntensity>
            <pga unit="gal">
              <vComponent>2.45</vComponent>
              <nsComponent>3.77</nsComponent>
              <ewComponent>5.20</ewComponent>
            </pga>
            <infoStatus>observe</infoStatus>
            <waveImageURI>https://scweb.cwb.gov.tw/webdata/drawTrace/outcome/2017/2017022/2-ESL.gif</waveImageURI>
          </eqStation>
          <eqStation>
            <stationName>吉安</stationName>
            <stationCode>EGA</stationCode>
            <stationLon unit="度">121.56</stationLon>
            <stationLat unit="度">23.97</stationLat>
            <distance unit="公里">78.06</distance>
            <azimuth unit="度">189.77</azimuth>
            <stationIntensity unit="級">2</stationIntensity>
            <pga unit="gal">
              <vComponent>2.27</vComponent>
              <nsComponent>3.59</nsComponent>
              <ewComponent>3.05</ewComponent>
            </pga>
            <infoStatus>observe</infoStatus>
            <waveImageURI>https://scweb.cwb.gov.tw/webdata/drawTrace/outcome/2017/2017022/2-EGA.gif</waveImageURI>
          </eqStation>
          <eqStation>
            <stationName>花蓮市</stationName>
            <stationCode>HWA</stationCode>
            <stationLon unit="度">121.61</stationLon>
            <stationLat unit="度">23.98</stationLat>
            <distance unit="公里">79.34</distance>
            <azimuth unit="度">193.44</azimuth>
            <stationIntensity unit="級">2</stationIntensity>
            <pga unit="gal">
              <vComponent>2.15</vComponent>
              <nsComponent>5.32</nsComponent>
              <ewComponent>7.24</ewComponent>
            </pga>
            <infoStatus>observe</infoStatus>
            <waveImageURI>https://scweb.cwb.gov.tw/webdata/drawTrace/outcome/2017/2017022/2-HWA.gif</waveImageURI>
          </eqStation>
          <eqStation>
            <stationName>太魯閣</stationName>
            <stationCode>ETL</stationCode>
            <stationLon unit="度">121.62</stationLon>
            <stationLat unit="度">24.16</stationLat>
            <distance unit="公里">99.38</distance>
            <azimuth unit="度">191.25</azimuth>
            <stationIntensity unit="級">2</stationIntensity>
            <pga unit="gal">
              <vComponent>0.72</vComponent>
              <nsComponent>3.23</nsComponent>
              <ewComponent>1.91</ewComponent>
            </pga>
            <infoStatus>observe</infoStatus>
            <waveImageURI>https://scweb.cwb.gov.tw/webdata/drawTrace/outcome/2017/2017022/2-ETL.gif</waveImageURI>
          </eqStation>
          <eqStation>
            <stationName>壽豐</stationName>
            <stationCode>ESF</stationCode>
            <stationLon unit="度">121.51</stationLon>
            <stationLat unit="度">23.87</stationLat>
            <distance unit="公里">66.01</distance>
            <azimuth unit="度">186.61</azimuth>
            <stationIntensity unit="級">2</stationIntensity>
            <pga unit="gal">
              <vComponent>2.99</vComponent>
              <nsComponent>7.96</nsComponent>
              <ewComponent>7.66</ewComponent>
            </pga>
            <infoStatus>observe</infoStatus>
            <waveImageURI>https://scweb.cwb.gov.tw/webdata/drawTrace/outcome/2017/2017022/2-ESF.gif</waveImageURI>
          </eqStation>
          <eqStation>
            <stationName>銅門</stationName>
            <stationCode>ETM</stationCode>
            <stationLon unit="度">121.49</stationLon>
            <stationLat unit="度">23.97</stationLat>
            <distance unit="公里">76.34</distance>
            <azimuth unit="度">184.60</azimuth>
            <stationIntensity unit="級">2</stationIntensity>
            <pga unit="gal">
              <vComponent>2.75</vComponent>
              <nsComponent>3.65</nsComponent>
              <ewComponent>4.25</ewComponent>
            </pga>
            <infoStatus>observe</infoStatus>
            <waveImageURI>https://scweb.cwb.gov.tw/webdata/drawTrace/outcome/2017/2017022/2-ETM.gif</waveImageURI>
          </eqStation>
          <eqStation>
            <stationName>秀林</stationName>
            <stationCode>TWD</stationCode>
            <stationLon unit="度">121.60</stationLon>
            <stationLat unit="度">24.08</stationLat>
            <distance unit="公里">90.62</distance>
            <azimuth unit="度">191.16</azimuth>
            <stationIntensity unit="級">1</stationIntensity>
            <pga unit="gal">
              <vComponent>1.20</vComponent>
              <nsComponent>1.26</nsComponent>
              <ewComponent>1.02</ewComponent>
            </pga>
            <infoStatus>observe</infoStatus>
            <waveImageURI>https://scweb.cwb.gov.tw/webdata/drawTrace/outcome/2017/2017022/1-TWD.gif</waveImageURI>
          </eqStation>
          <eqStation>
            <stationName>和平</stationName>
            <stationCode>EHP</stationCode>
            <stationLon unit="度">121.75</stationLon>
            <stationLat unit="度">24.31</stationLat>
            <distance unit="公里">118.50</distance>
            <azimuth unit="度">195.78</azimuth>
            <stationIntensity unit="級">1</stationIntensity>
            <pga unit="gal">
              <vComponent>1.26</vComponent>
              <nsComponent>1.73</nsComponent>
              <ewComponent>1.85</ewComponent>
            </pga>
            <infoStatus>observe</infoStatus>
            <waveImageURI>https://scweb.cwb.gov.tw/webdata/drawTrace/outcome/2017/2017022/1-EHP.gif</waveImageURI>
          </eqStation>
        </shakingArea>
        <shakingArea>
          <areaDesc>高雄市地區</areaDesc>
          <areaName>高雄市</areaName>
          <areaIntensity unit="級">3</areaIntensity>
          <infoStatus>observe</infoStatus>
          <eqStation>
            <stationName>桃源</stationName>
            <stationCode>STY</stationCode>
            <stationLon unit="度">120.77</stationLon>
            <stationLat unit="度">23.16</stationLat>
            <distance unit="公里">69.53</distance>
            <azimuth unit="度">79.06</azimuth>
            <stationIntensity unit="級">3</stationIntensity>
            <pga unit="gal">
              <vComponent>6.40</vComponent>
              <nsComponent>8.85</nsComponent>
              <ewComponent>6.04</ewComponent>
            </pga>
            <infoStatus>observe</infoStatus>
            <waveImageURI>https://scweb.cwb.gov.tw/webdata/drawTrace/outcome/2017/2017022/3-STY.gif</waveImageURI>
          </eqStation>
          <eqStation>
            <stationName>旗山</stationName>
            <stationCode>TWM1</stationCode>
            <stationLon unit="度">120.43</stationLon>
            <stationLat unit="度">22.82</stationLat>
            <distance unit="公里">114.58</distance>
            <azimuth unit="度">63.67</azimuth>
            <stationIntensity unit="級">2</stationIntensity>
            <pga unit="gal">
              <vComponent>1.56</vComponent>
              <nsComponent>3.53</nsComponent>
              <ewComponent>4.25</ewComponent>
            </pga>
            <infoStatus>observe</infoStatus>
            <waveImageURI>https://scweb.cwb.gov.tw/webdata/drawTrace/outcome/2017/2017022/2-TWM1.gif</waveImageURI>
          </eqStation>
          <eqStation>
            <stationName>甲仙</stationName>
            <stationCode>SGS</stationCode>
            <stationLon unit="度">120.59</stationLon>
            <stationLat unit="度">23.08</stationLat>
            <distance unit="公里">89.00</distance>
            <azimuth unit="度">75.61</azimuth>
            <stationIntensity unit="級">2</stationIntensity>
            <pga unit="gal">
              <vComponent>1.56</vComponent>
              <nsComponent>3.05</nsComponent>
              <ewComponent>2.51</ewComponent>
            </pga>
            <infoStatus>observe</infoStatus>
            <waveImageURI>https://scweb.cwb.gov.tw/webdata/drawTrace/outcome/2017/2017022/2-SGS.gif</waveImageURI>
          </eqStation>
          <eqStation>
            <stationName>高雄市</stationName>
            <stationCode>KAU</stationCode>
            <stationLon unit="度">120.32</stationLon>
            <stationLat unit="度">22.57</stationLat>
            <distance unit="公里">139.25</distance>
            <azimuth unit="度">55.36</azimuth>
            <stationIntensity unit="級">2</stationIntensity>
            <pga unit="gal">
              <vComponent>1.26</vComponent>
              <nsComponent>2.69</nsComponent>
              <ewComponent>2.69</ewComponent>
            </pga>
            <infoStatus>observe</infoStatus>
            <waveImageURI>https://scweb.cwb.gov.tw/webdata/drawTrace/outcome/2017/2017022/2-KAU.gif</waveImageURI>
          </eqStation>
        </shakingArea>
        <shakingArea>
          <areaDesc>雲林縣地區</areaDesc>
          <areaName>雲林縣</areaName>
          <areaIntensity unit="級">3</areaIntensity>
          <infoStatus>observe</infoStatus>
          <eqStation>
            <stationName>草嶺</stationName>
            <stationCode>CHN5</stationCode>
            <stationLon unit="度">120.68</stationLon>
            <stationLat unit="度">23.60</stationLat>
            <distance unit="公里">84.86</distance>
            <azimuth unit="度">114.54</azimuth>
            <stationIntensity unit="級">3</stationIntensity>
            <pga unit="gal">
              <vComponent>3.77</vComponent>
              <nsComponent>9.93</nsComponent>
              <ewComponent>9.15</ewComponent>
            </pga>
            <infoStatus>observe</infoStatus>
            <waveImageURI>https://scweb.cwb.gov.tw/webdata/drawTrace/outcome/2017/2017022/3-CHN5.gif</waveImageURI>
          </eqStation>
          <eqStation>
            <stationName>古坑</stationName>
            <stationCode>WGK</stationCode>
            <stationLon unit="度">120.57</stationLon>
            <stationLat unit="度">23.68</stationLat>
            <distance unit="公里">98.89</distance>
            <azimuth unit="度">117.01</azimuth>
            <stationIntensity unit="級">2</stationIntensity>
            <pga unit="gal">
              <vComponent>2.57</vComponent>
              <nsComponent>5.50</nsComponent>
              <ewComponent>5.68</ewComponent>
            </pga>
            <infoStatus>observe</infoStatus>
            <waveImageURI>https://scweb.cwb.gov.tw/webdata/drawTrace/outcome/2017/2017022/2-WGK.gif</waveImageURI>
          </eqStation>
          <eqStation>
            <stationName>斗六市</stationName>
            <stationCode>WDL</stationCode>
            <stationLon unit="度">120.54</stationLon>
            <stationLat unit="度">23.72</stationLat>
            <distance unit="公里">103.32</distance>
            <azimuth unit="度">117.87</azimuth>
            <stationIntensity unit="級">2</stationIntensity>
            <pga unit="gal">
              <vComponent>2.51</vComponent>
              <nsComponent>6.58</nsComponent>
              <ewComponent>6.70</ewComponent>
            </pga>
            <infoStatus>observe</infoStatus>
            <waveImageURI>https://scweb.cwb.gov.tw/webdata/drawTrace/outcome/2017/2017022/2-WDL.gif</waveImageURI>
          </eqStation>
          <eqStation>
            <stationName>四湖</stationName>
            <stationCode>WSF</stationCode>
            <stationLon unit="度">120.23</stationLon>
            <stationLat unit="度">23.64</stationLat>
            <distance unit="公里">129.11</distance>
            <azimuth unit="度">107.85</azimuth>
            <stationIntensity unit="級">2</stationIntensity>
            <pga unit="gal">
              <vComponent>1.02</vComponent>
              <nsComponent>3.53</nsComponent>
              <ewComponent>2.99</ewComponent>
            </pga>
            <infoStatus>observe</infoStatus>
            <waveImageURI>https://scweb.cwb.gov.tw/webdata/drawTrace/outcome/2017/2017022/2-WSF.gif</waveImageURI>
          </eqStation>
        </shakingArea>
        <shakingArea>
          <areaDesc>嘉義縣地區</areaDesc>
          <areaName>嘉義縣</areaName>
          <areaIntensity unit="級">3</areaIntensity>
          <infoStatus>observe</infoStatus>
          <eqStation>
            <stationName>草山</stationName>
            <stationCode>CHN4</stationCode>
            <stationLon unit="度">120.59</stationLon>
            <stationLat unit="度">23.35</stationLat>
            <distance unit="公里">86.15</distance>
            <azimuth unit="度">95.29</azimuth>
            <stationIntensity unit="級">3</stationIntensity>
            <pga unit="gal">
              <vComponent>3.05</vComponent>
              <nsComponent>11.48</nsComponent>
              <ewComponent>9.51</ewComponent>
            </pga>
            <infoStatus>observe</infoStatus>
            <waveImageURI>https://scweb.cwb.gov.tw/webdata/drawTrace/outcome/2017/2017022/3-CHN4.gif</waveImageURI>
          </eqStation>
          <eqStation>
            <stationName>六腳</stationName>
            <stationCode>CHN7</stationCode>
            <stationLon unit="度">120.24</stationLon>
            <stationLat unit="度">23.48</stationLat>
            <distance unit="公里">124.05</distance>
            <azimuth unit="度">100.49</azimuth>
            <stationIntensity unit="級">3</stationIntensity>
            <pga unit="gal">
              <vComponent>1.44</vComponent>
              <nsComponent>8.19</nsComponent>
              <ewComponent>7.12</ewComponent>
            </pga>
            <infoStatus>observe</infoStatus>
            <waveImageURI>https://scweb.cwb.gov.tw/webdata/drawTrace/outcome/2017/2017022/3-CHN7.gif</waveImageURI>
          </eqStation>
          <eqStation>
            <stationName>大埔</stationName>
            <stationCode>WTP</stationCode>
            <stationLon unit="度">120.62</stationLon>
            <stationLat unit="度">23.24</stationLat>
            <distance unit="公里">83.02</distance>
            <azimuth unit="度">87.25</azimuth>
            <stationIntensity unit="級">2</stationIntensity>
            <pga unit="gal">
              <vComponent>3.77</vComponent>
              <nsComponent>6.76</nsComponent>
              <ewComponent>7.12</ewComponent>
            </pga>
            <infoStatus>observe</infoStatus>
            <waveImageURI>https://scweb.cwb.gov.tw/webdata/drawTrace/outcome/2017/2017022/2-WTP.gif</waveImageURI>
          </eqStation>
          <eqStation>
            <stationName>阿里山</stationName>
            <stationCode>ALS</stationCode>
            <stationLon unit="度">120.81</stationLon>
            <stationLat unit="度">23.51</stationLat>
            <distance unit="公里">68.21</distance>
            <azimuth unit="度">111.83</azimuth>
            <stationIntensity unit="級">2</stationIntensity>
            <pga unit="gal">
              <vComponent>3.11</vComponent>
              <nsComponent>5.80</nsComponent>
              <ewComponent>6.28</ewComponent>
            </pga>
            <infoStatus>observe</infoStatus>
            <waveImageURI>https://scweb.cwb.gov.tw/webdata/drawTrace/outcome/2017/2017022/2-ALS.gif</waveImageURI>
          </eqStation>
        </shakingArea>
        <shakingArea>
          <areaDesc>嘉義市地區</areaDesc>
          <areaName>嘉義市</areaName>
          <areaIntensity unit="級">3</areaIntensity>
          <infoStatus>observe</infoStatus>
          <eqStation>
            <stationName>嘉義市</stationName>
            <stationCode>CHY</stationCode>
            <stationLon unit="度">120.43</stationLon>
            <stationLat unit="度">23.50</stationLat>
            <distance unit="公里">105.00</distance>
            <azimuth unit="度">103.21</azimuth>
            <stationIntensity unit="級">3</stationIntensity>
            <pga unit="gal">
              <vComponent>1.73</vComponent>
              <nsComponent>8.25</nsComponent>
              <ewComponent>7.60</ewComponent>
            </pga>
            <infoStatus>observe</infoStatus>
            <waveImageURI>https://scweb.cwb.gov.tw/webdata/drawTrace/outcome/2017/2017022/3-CHY.gif</waveImageURI>
          </eqStation>
        </shakingArea>
        <shakingArea>
          <areaDesc>臺南市地區</areaDesc>
          <areaName>臺南市</areaName>
          <areaIntensity unit="級">3</areaIntensity>
          <infoStatus>observe</infoStatus>
          <eqStation>
            <stationName>新化</stationName>
            <stationCode>CHN3</stationCode>
            <stationLon unit="度">120.36</stationLon>
            <stationLat unit="度">23.08</stationLat>
            <distance unit="公里">111.67</distance>
            <azimuth unit="度">78.30</azimuth>
            <stationIntensity unit="級">3</stationIntensity>
            <pga unit="gal">
              <vComponent>3.17</vComponent>
              <nsComponent>16.45</nsComponent>
              <ewComponent>11.13</ewComponent>
            </pga>
            <infoStatus>observe</infoStatus>
            <waveImageURI>https://scweb.cwb.gov.tw/webdata/drawTrace/outcome/2017/2017022/3-CHN3.gif</waveImageURI>
          </eqStation>
          <eqStation>
            <stationName>善化</stationName>
            <stationCode>SSH</stationCode>
            <stationLon unit="度">120.29</stationLon>
            <stationLat unit="度">23.14</stationLat>
            <distance unit="公里">118.23</distance>
            <azimuth unit="度">82.26</azimuth>
            <stationIntensity unit="級">3</stationIntensity>
            <pga unit="gal">
              <vComponent>1.91</vComponent>
              <nsComponent>15.37</nsComponent>
              <ewComponent>12.86</ewComponent>
            </pga>
            <infoStatus>observe</infoStatus>
            <waveImageURI>https://scweb.cwb.gov.tw/webdata/drawTrace/outcome/2017/2017022/3-SSH.gif</waveImageURI>
          </eqStation>
          <eqStation>
            <stationName>七股</stationName>
            <stationCode>SCK</stationCode>
            <stationLon unit="度">120.09</stationLon>
            <stationLat unit="度">23.15</stationLat>
            <distance unit="公里">138.61</distance>
            <azimuth unit="度">83.90</azimuth>
            <stationIntensity unit="級">3</stationIntensity>
            <pga unit="gal">
              <vComponent>0.72</vComponent>
              <nsComponent>10.59</nsComponent>
              <ewComponent>4.61</ewComponent>
            </pga>
            <infoStatus>observe</infoStatus>
            <waveImageURI>https://scweb.cwb.gov.tw/webdata/drawTrace/outcome/2017/2017022/3-SCK.gif</waveImageURI>
          </eqStation>
          <eqStation>
            <stationName>楠西</stationName>
            <stationCode>CHN1</stationCode>
            <stationLon unit="度">120.53</stationLon>
            <stationLat unit="度">23.19</stationLat>
            <distance unit="公里">93.13</distance>
            <azimuth unit="度">83.53</azimuth>
            <stationIntensity unit="級">2</stationIntensity>
            <pga unit="gal">
              <vComponent>3.77</vComponent>
              <nsComponent>7.84</nsComponent>
              <ewComponent>5.02</ewComponent>
            </pga>
            <infoStatus>observe</infoStatus>
            <waveImageURI>https://scweb.cwb.gov.tw/webdata/drawTrace/outcome/2017/2017022/2-CHN1.gif</waveImageURI>
          </eqStation>
          <eqStation>
            <stationName>東山</stationName>
            <stationCode>TWL</stationCode>
            <stationLon unit="度">120.50</stationLon>
            <stationLat unit="度">23.26</stationLat>
            <distance unit="公里">95.21</distance>
            <azimuth unit="度">88.94</azimuth>
            <stationIntensity unit="級">2</stationIntensity>
            <pga unit="gal">
              <vComponent>3.35</vComponent>
              <nsComponent>3.83</nsComponent>
              <ewComponent>5.74</ewComponent>
            </pga>
            <infoStatus>observe</infoStatus>
            <waveImageURI>https://scweb.cwb.gov.tw/webdata/drawTrace/outcome/2017/2017022/2-TWL.gif</waveImageURI>
          </eqStation>
          <eqStation>
            <stationName>永康</stationName>
            <stationCode>TAI1</stationCode>
            <stationLon unit="度">120.24</stationLon>
            <stationLat unit="度">23.04</stationLat>
            <distance unit="公里">125.37</distance>
            <azimuth unit="度">77.65</azimuth>
            <stationIntensity unit="級">2</stationIntensity>
            <pga unit="gal">
              <vComponent>1.44</vComponent>
              <nsComponent>5.98</nsComponent>
              <ewComponent>4.79</ewComponent>
            </pga>
            <infoStatus>observe</infoStatus>
            <waveImageURI>https://scweb.cwb.gov.tw/webdata/drawTrace/outcome/2017/2017022/2-TAI1.gif</waveImageURI>
          </eqStation>
          <eqStation>
            <stationName>佳里</stationName>
            <stationCode>SCL</stationCode>
            <stationLon unit="度">120.20</stationLon>
            <stationLat unit="度">23.17</stationLat>
            <distance unit="公里">126.54</distance>
            <azimuth unit="度">84.66</azimuth>
            <stationIntensity unit="級">2</stationIntensity>
            <pga unit="gal">
              <vComponent>0.96</vComponent>
              <nsComponent>7.30</nsComponent>
              <ewComponent>4.13</ewComponent>
            </pga>
            <infoStatus>observe</infoStatus>
            <waveImageURI>https://scweb.cwb.gov.tw/webdata/drawTrace/outcome/2017/2017022/2-SCL.gif</waveImageURI>
          </eqStation>
          <eqStation>
            <stationName>臺南市</stationName>
            <stationCode>TAI</stationCode>
            <stationLon unit="度">120.21</stationLon>
            <stationLat unit="度">22.99</stationLat>
            <distance unit="公里">129.69</distance>
            <azimuth unit="度">75.82</azimuth>
            <stationIntensity unit="級">2</stationIntensity>
            <pga unit="gal">
              <vComponent>1.32</vComponent>
              <nsComponent>4.31</nsComponent>
              <ewComponent>3.41</ewComponent>
            </pga>
            <infoStatus>observe</infoStatus>
            <waveImageURI>https://scweb.cwb.gov.tw/webdata/drawTrace/outcome/2017/2017022/2-TAI.gif</waveImageURI>
          </eqStation>
        </shakingArea>
        <shakingArea>
          <areaDesc>南投縣地區</areaDesc>
          <areaName>南投縣</areaName>
          <areaIntensity unit="級">2</areaIntensity>
          <infoStatus>observe</infoStatus>
          <eqStation>
            <stationName>名間</stationName>
            <stationCode>WNT</stationCode>
            <stationLon unit="度">120.69</stationLon>
            <stationLat unit="度">23.88</stationLat>
            <distance unit="公里">100.49</distance>
            <azimuth unit="度">131.24</azimuth>
            <stationIntensity unit="級">2</stationIntensity>
            <pga unit="gal">
              <vComponent>2.15</vComponent>
              <nsComponent>4.19</nsComponent>
              <ewComponent>5.32</ewComponent>
            </pga>
            <infoStatus>observe</infoStatus>
            <waveImageURI>https://scweb.cwb.gov.tw/webdata/drawTrace/outcome/2017/2017022/2-WNT.gif</waveImageURI>
          </eqStation>
          <eqStation>
            <stationName>日月潭</stationName>
            <stationCode>SML</stationCode>
            <stationLon unit="度">120.91</stationLon>
            <stationLat unit="度">23.88</stationLat>
            <distance unit="公里">85.59</distance>
            <azimuth unit="度">141.27</azimuth>
            <stationIntensity unit="級">2</stationIntensity>
            <pga unit="gal">
              <vComponent>1.50</vComponent>
              <nsComponent>2.87</nsComponent>
              <ewComponent>4.96</ewComponent>
            </pga>
            <infoStatus>observe</infoStatus>
            <waveImageURI>https://scweb.cwb.gov.tw/webdata/drawTrace/outcome/2017/2017022/2-SML.gif</waveImageURI>
          </eqStation>
          <eqStation>
            <stationName>合歡山</stationName>
            <stationCode>WHF</stationCode>
            <stationLon unit="度">121.27</stationLon>
            <stationLat unit="度">24.14</stationLat>
            <distance unit="公里">97.22</distance>
            <azimuth unit="度">170.32</azimuth>
            <stationIntensity unit="級">2</stationIntensity>
          </eqStation>
          <eqStation>
            <stationName>南投市</stationName>
            <stationCode>WNT1</stationCode>
            <stationLon unit="度">120.68</stationLon>
            <stationLat unit="度">23.91</stationLat>
            <distance unit="公里">103.65</distance>
            <azimuth unit="度">132.16</azimuth>
            <stationIntensity unit="級">2</stationIntensity>
            <pga unit="gal">
              <vComponent>2.57</vComponent>
              <nsComponent>5.20</nsComponent>
              <ewComponent>3.89</ewComponent>
            </pga>
            <infoStatus>observe</infoStatus>
            <waveImageURI>https://scweb.cwb.gov.tw/webdata/drawTrace/outcome/2017/2017022/2-WNT1.gif</waveImageURI>
          </eqStation>
          <eqStation>
            <stationName>魚池</stationName>
            <stationCode>TYC</stationCode>
            <stationLon unit="度">120.87</stationLon>
            <stationLat unit="度">23.91</stationLat>
            <distance unit="公里">90.11</distance>
            <azimuth unit="度">140.37</azimuth>
            <stationIntensity unit="級">1</stationIntensity>
            <pga unit="gal">
              <vComponent>0.72</vComponent>
              <nsComponent>1.08</nsComponent>
              <ewComponent>1.32</ewComponent>
            </pga>
            <infoStatus>observe</infoStatus>
            <waveImageURI>https://scweb.cwb.gov.tw/webdata/drawTrace/outcome/2017/2017022/1-TYC.gif</waveImageURI>
          </eqStation>
          <eqStation>
            <stationName>埔里</stationName>
            <stationCode>WPL</stationCode>
            <stationLon unit="度">120.96</stationLon>
            <stationLat unit="度">24.01</stationLat>
            <distance unit="公里">94.68</distance>
            <azimuth unit="度">149.17</azimuth>
            <stationIntensity unit="級">1</stationIntensity>
            <pga unit="gal">
              <vComponent>0.48</vComponent>
              <nsComponent>0.90</nsComponent>
              <ewComponent>1.20</ewComponent>
            </pga>
            <infoStatus>observe</infoStatus>
            <waveImageURI>https://scweb.cwb.gov.tw/webdata/drawTrace/outcome/2017/2017022/1-WPL.gif</waveImageURI>
          </eqStation>
        </shakingArea>
        <shakingArea>
          <areaDesc>臺中市地區</areaDesc>
          <areaName>臺中市</areaName>
          <areaIntensity unit="級">2</areaIntensity>
          <infoStatus>observe</infoStatus>
          <eqStation>
            <stationName>霧峰</stationName>
            <stationCode>WWF</stationCode>
            <stationLon unit="度">120.70</stationLon>
            <stationLat unit="度">24.04</stationLat>
            <distance unit="公里">113.05</distance>
            <azimuth unit="度">138.49</azimuth>
            <stationIntensity unit="級">2</stationIntensity>
            <pga unit="gal">
              <vComponent>1.85</vComponent>
              <nsComponent>2.99</nsComponent>
              <ewComponent>2.81</ewComponent>
            </pga>
            <infoStatus>observe</infoStatus>
            <waveImageURI>https://scweb.cwb.gov.tw/webdata/drawTrace/outcome/2017/2017022/2-WWF.gif</waveImageURI>
          </eqStation>
          <eqStation>
            <stationName>大肚</stationName>
            <stationCode>WDD</stationCode>
            <stationLon unit="度">120.56</stationLon>
            <stationLat unit="度">24.13</stationLat>
            <distance unit="公里">130.30</distance>
            <azimuth unit="度">136.72</azimuth>
            <stationIntensity unit="級">2</stationIntensity>
            <pga unit="gal">
              <vComponent>4.25</vComponent>
              <nsComponent>5.56</nsComponent>
              <ewComponent>7.06</ewComponent>
            </pga>
            <infoStatus>observe</infoStatus>
            <waveImageURI>https://scweb.cwb.gov.tw/webdata/drawTrace/outcome/2017/2017022/2-WDD.gif</waveImageURI>
          </eqStation>
          <eqStation>
            <stationName>東勢</stationName>
            <stationCode>WDS</stationCode>
            <stationLon unit="度">120.83</stationLon>
            <stationLat unit="度">24.26</stationLat>
            <distance unit="公里">124.75</distance>
            <azimuth unit="度">150.52</azimuth>
            <stationIntensity unit="級">2</stationIntensity>
            <pga unit="gal">
              <vComponent>1.02</vComponent>
              <nsComponent>2.51</nsComponent>
              <ewComponent>2.57</ewComponent>
            </pga>
            <infoStatus>observe</infoStatus>
            <waveImageURI>https://scweb.cwb.gov.tw/webdata/drawTrace/outcome/2017/2017022/2-WDS.gif</waveImageURI>
          </eqStation>
          <eqStation>
            <stationName>臺中市</stationName>
            <stationCode>TCU</stationCode>
            <stationLon unit="度">120.68</stationLon>
            <stationLat unit="度">24.15</stationLat>
            <distance unit="公里">122.73</distance>
            <azimuth unit="度">141.53</azimuth>
            <stationIntensity unit="級">1</stationIntensity>
            <pga unit="gal">
              <vComponent>0.78</vComponent>
              <nsComponent>1.97</nsComponent>
              <ewComponent>2.09</ewComponent>
            </pga>
            <infoStatus>observe</infoStatus>
            <waveImageURI>https://scweb.cwb.gov.tw/webdata/drawTrace/outcome/2017/2017022/1-TCU.gif</waveImageURI>
          </eqStation>
          <eqStation>
            <stationName>德基</stationName>
            <stationCode>TWT</stationCode>
            <stationLon unit="度">121.16</stationLon>
            <stationLat unit="度">24.25</stationLat>
            <distance unit="公里">111.05</distance>
            <azimuth unit="度">165.58</azimuth>
            <stationIntensity unit="級">1</stationIntensity>
            <pga unit="gal">
              <vComponent>0.96</vComponent>
              <nsComponent>2.27</nsComponent>
              <ewComponent>1.91</ewComponent>
            </pga>
            <infoStatus>observe</infoStatus>
            <waveImageURI>https://scweb.cwb.gov.tw/webdata/drawTrace/outcome/2017/2017022/1-TWT.gif</waveImageURI>
          </eqStation>
          <eqStation>
            <stationName>外埔</stationName>
            <stationCode>WYP</stationCode>
            <stationLon unit="度">120.65</stationLon>
            <stationLat unit="度">24.33</stationLat>
            <distance unit="公里">141.32</distance>
            <azimuth unit="度">145.80</azimuth>
            <stationIntensity unit="級">1</stationIntensity>
            <pga unit="gal">
              <vComponent>0.78</vComponent>
              <nsComponent>1.79</nsComponent>
              <ewComponent>1.26</ewComponent>
            </pga>
            <infoStatus>observe</infoStatus>
            <waveImageURI>https://scweb.cwb.gov.tw/webdata/drawTrace/outcome/2017/2017022/1-WYP.gif</waveImageURI>
          </eqStation>
        </shakingArea>
        <shakingArea>
          <areaDesc>屏東縣地區</areaDesc>
          <areaName>屏東縣</areaName>
          <areaIntensity unit="級">2</areaIntensity>
          <infoStatus>observe</infoStatus>
          <eqStation>
            <stationName>九如</stationName>
            <stationCode>SGL</stationCode>
            <stationLon unit="度">120.50</stationLon>
            <stationLat unit="度">22.72</stationLat>
            <distance unit="公里">113.91</distance>
            <azimuth unit="度">57.22</azimuth>
            <stationIntensity unit="級">2</stationIntensity>
            <pga unit="gal">
              <vComponent>1.20</vComponent>
              <nsComponent>4.01</nsComponent>
              <ewComponent>6.04</ewComponent>
            </pga>
            <infoStatus>observe</infoStatus>
            <waveImageURI>https://scweb.cwb.gov.tw/webdata/drawTrace/outcome/2017/2017022/2-SGL.gif</waveImageURI>
          </eqStation>
          <eqStation>
            <stationName>屏東市</stationName>
            <stationCode>SPT</stationCode>
            <stationLon unit="度">120.50</stationLon>
            <stationLat unit="度">22.68</stationLat>
            <distance unit="公里">117.06</distance>
            <azimuth unit="度">55.15</azimuth>
            <stationIntensity unit="級">2</stationIntensity>
            <pga unit="gal">
              <vComponent>0.96</vComponent>
              <nsComponent>4.96</nsComponent>
              <ewComponent>3.47</ewComponent>
            </pga>
            <infoStatus>observe</infoStatus>
            <waveImageURI>https://scweb.cwb.gov.tw/webdata/drawTrace/outcome/2017/2017022/2-SPT.gif</waveImageURI>
          </eqStation>
          <eqStation>
            <stationName>三地門</stationName>
            <stationCode>SSD</stationCode>
            <stationLon unit="度">120.64</stationLon>
            <stationLat unit="度">22.74</stationLat>
            <distance unit="公里">100.63</distance>
            <azimuth unit="度">53.83</azimuth>
            <stationIntensity unit="級">1</stationIntensity>
            <pga unit="gal">
              <vComponent>1.32</vComponent>
              <nsComponent>1.67</nsComponent>
              <ewComponent>1.14</ewComponent>
            </pga>
            <infoStatus>observe</infoStatus>
            <waveImageURI>https://scweb.cwb.gov.tw/webdata/drawTrace/outcome/2017/2017022/1-SSD.gif</waveImageURI>
          </eqStation>
          <eqStation>
            <stationName>小琉球</stationName>
            <stationCode>WLC</stationCode>
            <stationLon unit="度">120.37</stationLon>
            <stationLat unit="度">22.35</stationLat>
            <distance unit="公里">150.43</distance>
            <azimuth unit="度">46.53</azimuth>
            <stationIntensity unit="級">1</stationIntensity>
            <pga unit="gal">
              <vComponent>0.42</vComponent>
              <nsComponent>0.90</nsComponent>
              <ewComponent>1.20</ewComponent>
            </pga>
            <infoStatus>observe</infoStatus>
            <waveImageURI>https://scweb.cwb.gov.tw/webdata/drawTrace/outcome/2017/2017022/1-WLC.gif</waveImageURI>
          </eqStation>
          <eqStation>
            <stationName>恆春</stationName>
            <stationCode>HEN</stationCode>
            <stationLon unit="度">120.75</stationLon>
            <stationLat unit="度">22.00</stationLat>
            <distance unit="公里">158.16</distance>
            <azimuth unit="度">26.51</azimuth>
            <stationIntensity unit="級">1</stationIntensity>
            <pga unit="gal">
              <vComponent>0.54</vComponent>
              <nsComponent>1.38</nsComponent>
              <ewComponent>0.90</ewComponent>
            </pga>
            <infoStatus>observe</infoStatus>
            <waveImageURI>https://scweb.cwb.gov.tw/webdata/drawTrace/outcome/2017/2017022/1-HEN.gif</waveImageURI>
          </eqStation>
          <eqStation>
            <stationName>南灣</stationName>
            <stationCode>SNW</stationCode>
            <stationLon unit="度">120.75</stationLon>
            <stationLat unit="度">21.96</stationLat>
            <distance unit="公里">161.84</distance>
            <azimuth unit="度">25.61</azimuth>
            <stationIntensity unit="級">1</stationIntensity>
          </eqStation>
          <eqStation>
            <stationName>鵝鑾鼻</stationName>
            <stationCode>SEB</stationCode>
            <stationLon unit="度">120.86</stationLon>
            <stationLat unit="度">21.90</stationLat>
            <distance unit="公里">164.07</distance>
            <azimuth unit="度">21.22</azimuth>
            <stationIntensity unit="級">1</stationIntensity>
            <pga unit="gal">
              <vComponent>0.48</vComponent>
              <nsComponent>0.84</nsComponent>
              <ewComponent>0.96</ewComponent>
            </pga>
            <infoStatus>observe</infoStatus>
            <waveImageURI>https://scweb.cwb.gov.tw/webdata/drawTrace/outcome/2017/2017022/1-SEB.gif</waveImageURI>
          </eqStation>
        </shakingArea>
        <shakingArea>
          <areaDesc>彰化縣地區</areaDesc>
          <areaName>彰化縣</areaName>
          <areaIntensity unit="級">2</areaIntensity>
          <infoStatus>observe</infoStatus>
          <eqStation>
            <stationName>彰化市</stationName>
            <stationCode>WCH</stationCode>
            <stationLon unit="度">120.56</stationLon>
            <stationLat unit="度">24.08</stationLat>
            <distance unit="公里">126.10</distance>
            <azimuth unit="度">134.88</azimuth>
            <stationIntensity unit="級">2</stationIntensity>
            <pga unit="gal">
              <vComponent>2.21</vComponent>
              <nsComponent>7.12</nsComponent>
              <ewComponent>6.52</ewComponent>
            </pga>
            <infoStatus>observe</infoStatus>
            <waveImageURI>https://scweb.cwb.gov.tw/webdata/drawTrace/outcome/2017/2017022/2-WCH.gif</waveImageURI>
          </eqStation>
          <eqStation>
            <stationName>員林</stationName>
            <stationCode>WYL</stationCode>
            <stationLon unit="度">120.58</stationLon>
            <stationLat unit="度">23.96</stationLat>
            <distance unit="公里">115.23</distance>
            <azimuth unit="度">130.96</azimuth>
            <stationIntensity unit="級">2</stationIntensity>
            <pga unit="gal">
              <vComponent>2.51</vComponent>
              <nsComponent>4.55</nsComponent>
              <ewComponent>5.20</ewComponent>
            </pga>
            <infoStatus>observe</infoStatus>
            <waveImageURI>https://scweb.cwb.gov.tw/webdata/drawTrace/outcome/2017/2017022/2-WYL.gif</waveImageURI>
          </eqStation>
          <eqStation>
            <stationName>大城</stationName>
            <stationCode>WTC</stationCode>
            <stationLon unit="度">120.29</stationLon>
            <stationLat unit="度">23.86</stationLat>
            <distance unit="公里">133.41</distance>
            <azimuth unit="度">118.94</azimuth>
            <stationIntensity unit="級">2</stationIntensity>
            <pga unit="gal">
              <vComponent>1.14</vComponent>
              <nsComponent>3.35</nsComponent>
              <ewComponent>2.15</ewComponent>
            </pga>
            <infoStatus>observe</infoStatus>
            <waveImageURI>https://scweb.cwb.gov.tw/webdata/drawTrace/outcome/2017/2017022/2-WTC.gif</waveImageURI>
          </eqStation>
          <eqStation>
            <stationName>二水</stationName>
            <stationCode>WES</stationCode>
            <stationLon unit="度">120.62</stationLon>
            <stationLat unit="度">23.81</stationLat>
            <distance unit="公里">101.97</distance>
            <azimuth unit="度">125.32</azimuth>
            <stationIntensity unit="級">1</stationIntensity>
            <pga unit="gal">
              <vComponent>1.61</vComponent>
              <nsComponent>2.15</nsComponent>
              <ewComponent>1.85</ewComponent>
            </pga>
            <infoStatus>observe</infoStatus>
            <waveImageURI>https://scweb.cwb.gov.tw/webdata/drawTrace/outcome/2017/2017022/1-WES.gif</waveImageURI>
          </eqStation>
        </shakingArea>
        <shakingArea>
          <areaDesc>苗栗縣地區</areaDesc>
          <areaName>苗栗縣</areaName>
          <areaIntensity unit="級">2</areaIntensity>
          <infoStatus>observe</infoStatus>
          <eqStation>
            <stationName>鯉魚潭</stationName>
            <stationCode>TWQ1</stationCode>
            <stationLon unit="度">120.78</stationLon>
            <stationLat unit="度">24.35</stationLat>
            <distance unit="公里">135.73</distance>
            <azimuth unit="度">150.70</azimuth>
            <stationIntensity unit="級">2</stationIntensity>
            <pga unit="gal">
              <vComponent>1.20</vComponent>
              <nsComponent>2.87</nsComponent>
              <ewComponent>1.91</ewComponent>
            </pga>
            <infoStatus>observe</infoStatus>
            <waveImageURI>https://scweb.cwb.gov.tw/webdata/drawTrace/outcome/2017/2017022/2-TWQ1.gif</waveImageURI>
          </eqStation>
          <eqStation>
            <stationName>三義</stationName>
            <stationCode>NSY</stationCode>
            <stationLon unit="度">120.77</stationLon>
            <stationLat unit="度">24.41</stationLat>
            <distance unit="公里">142.87</distance>
            <azimuth unit="度">151.78</azimuth>
            <stationIntensity unit="級">2</stationIntensity>
            <pga unit="gal">
              <vComponent>1.02</vComponent>
              <nsComponent>2.51</nsComponent>
              <ewComponent>1.85</ewComponent>
            </pga>
            <infoStatus>observe</infoStatus>
            <waveImageURI>https://scweb.cwb.gov.tw/webdata/drawTrace/outcome/2017/2017022/2-NSY.gif</waveImageURI>
          </eqStation>
          <eqStation>
            <stationName>獅潭</stationName>
            <stationCode>NSD</stationCode>
            <stationLon unit="度">120.92</stationLon>
            <stationLat unit="度">24.54</stationLat>
            <distance unit="公里">149.24</distance>
            <azimuth unit="度">159.55</azimuth>
            <stationIntensity unit="級">1</stationIntensity>
            <pga unit="gal">
              <vComponent>0.72</vComponent>
              <nsComponent>0.90</nsComponent>
              <ewComponent>1.44</ewComponent>
            </pga>
            <infoStatus>observe</infoStatus>
            <waveImageURI>https://scweb.cwb.gov.tw/webdata/drawTrace/outcome/2017/2017022/1-NSD.gif</waveImageURI>
          </eqStation>
          <eqStation>
            <stationName>苗栗市</stationName>
            <stationCode>NML</stationCode>
            <stationLon unit="度">120.83</stationLon>
            <stationLat unit="度">24.57</stationLat>
            <distance unit="公里">155.43</distance>
            <azimuth unit="度">156.57</azimuth>
            <stationIntensity unit="級">1</stationIntensity>
            <pga unit="gal">
              <vComponent>0.60</vComponent>
              <nsComponent>0.78</nsComponent>
              <ewComponent>1.02</ewComponent>
            </pga>
            <infoStatus>observe</infoStatus>
            <waveImageURI>https://scweb.cwb.gov.tw/webdata/drawTrace/outcome/2017/2017022/1-NML.gif</waveImageURI>
          </eqStation>
          <eqStation>
            <stationName>竹南</stationName>
            <stationCode>NJN</stationCode>
            <stationLon unit="度">120.87</stationLon>
            <stationLat unit="度">24.68</stationLat>
            <distance unit="公里">165.96</distance>
            <azimuth unit="度">159.82</azimuth>
            <stationIntensity unit="級">1</stationIntensity>
            <pga unit="gal">
              <vComponent>0.60</vComponent>
              <nsComponent>1.38</nsComponent>
              <ewComponent>1.67</ewComponent>
            </pga>
            <infoStatus>observe</infoStatus>
            <waveImageURI>https://scweb.cwb.gov.tw/webdata/drawTrace/outcome/2017/2017022/1-NJN.gif</waveImageURI>
          </eqStation>
        </shakingArea>
        <shakingArea>
          <areaDesc>宜蘭縣地區</areaDesc>
          <areaName>宜蘭縣</areaName>
          <areaIntensity unit="級">1</areaIntensity>
          <infoStatus>observe</infoStatus>
          <eqStation>
            <stationName>南山</stationName>
            <stationCode>NNS</stationCode>
            <stationLon unit="度">121.38</stationLon>
            <stationLat unit="度">24.44</stationLat>
            <distance unit="公里">128.57</distance>
            <azimuth unit="度">177.66</azimuth>
            <stationIntensity unit="級">1</stationIntensity>
            <pga unit="gal">
              <vComponent>0.66</vComponent>
              <nsComponent>1.79</nsComponent>
              <ewComponent>1.67</ewComponent>
            </pga>
            <infoStatus>observe</infoStatus>
            <waveImageURI>https://scweb.cwb.gov.tw/webdata/drawTrace/outcome/2017/2017022/1-NNS.gif</waveImageURI>
          </eqStation>
          <eqStation>
            <stationName>南澳</stationName>
            <stationCode>ENA</stationCode>
            <stationLon unit="度">121.75</stationLon>
            <stationLat unit="度">24.43</stationLat>
            <distance unit="公里">131.18</distance>
            <azimuth unit="度">194.21</azimuth>
            <stationIntensity unit="級">1</stationIntensity>
            <pga unit="gal">
              <vComponent>0.66</vComponent>
              <nsComponent>1.38</nsComponent>
              <ewComponent>1.44</ewComponent>
            </pga>
            <infoStatus>observe</infoStatus>
            <waveImageURI>https://scweb.cwb.gov.tw/webdata/drawTrace/outcome/2017/2017022/1-ENA.gif</waveImageURI>
          </eqStation>
          <eqStation>
            <stationName>牛鬥</stationName>
            <stationCode>ENT</stationCode>
            <stationLon unit="度">121.57</stationLon>
            <stationLat unit="度">24.64</stationLat>
            <distance unit="公里">151.32</distance>
            <azimuth unit="度">185.44</azimuth>
            <stationIntensity unit="級">1</stationIntensity>
            <pga unit="gal">
              <vComponent>0.42</vComponent>
              <nsComponent>1.50</nsComponent>
              <ewComponent>0.96</ewComponent>
            </pga>
            <infoStatus>observe</infoStatus>
            <waveImageURI>https://scweb.cwb.gov.tw/webdata/drawTrace/outcome/2017/2017022/1-ENT.gif</waveImageURI>
          </eqStation>
          <eqStation>
            <stationName>羅東</stationName>
            <stationCode>NLD</stationCode>
            <stationLon unit="度">121.77</stationLon>
            <stationLat unit="度">24.67</stationLat>
            <distance unit="公里">158.45</distance>
            <azimuth unit="度">192.61</azimuth>
            <stationIntensity unit="級">1</stationIntensity>
            <pga unit="gal">
              <vComponent>0.90</vComponent>
              <nsComponent>0.90</nsComponent>
              <ewComponent>1.14</ewComponent>
            </pga>
            <infoStatus>observe</infoStatus>
            <waveImageURI>https://scweb.cwb.gov.tw/webdata/drawTrace/outcome/2017/2017022/1-NLD.gif</waveImageURI>
          </eqStation>
          <eqStation>
            <stationName>內城</stationName>
            <stationCode>TWE</stationCode>
            <stationLon unit="度">121.68</stationLon>
            <stationLat unit="度">24.72</stationLat>
            <distance unit="公里">161.63</distance>
            <azimuth unit="度">189.05</azimuth>
            <stationIntensity unit="級">1</stationIntensity>
          </eqStation>
        </shakingArea>
        <shakingArea>
          <areaDesc>桃園縣地區</areaDesc>
          <areaName>桃園縣</areaName>
          <areaIntensity unit="級">1</areaIntensity>
          <infoStatus>observe</infoStatus>
          <eqStation>
            <stationName>三光</stationName>
            <stationCode>NSK</stationCode>
            <stationLon unit="度">121.37</stationLon>
            <stationLat unit="度">24.67</stationLat>
            <distance unit="公里">154.83</distance>
            <azimuth unit="度">177.51</azimuth>
            <stationIntensity unit="級">1</stationIntensity>
          </eqStation>
        </shakingArea>
        <shakingArea>
          <areaDesc>新竹縣地區</areaDesc>
          <areaName>新竹縣</areaName>
          <areaIntensity unit="級">1</areaIntensity>
          <infoStatus>observe</infoStatus>
          <eqStation>
            <stationName>竹東</stationName>
            <stationCode>NJD</stationCode>
            <stationLon unit="度">121.09</stationLon>
            <stationLat unit="度">24.74</stationLat>
            <distance unit="公里">165.33</distance>
            <azimuth unit="度">167.75</azimuth>
            <stationIntensity unit="級">1</stationIntensity>
            <pga unit="gal">
              <vComponent>0.54</vComponent>
              <nsComponent>1.44</nsComponent>
              <ewComponent>1.38</ewComponent>
            </pga>
            <infoStatus>observe</infoStatus>
            <waveImageURI>https://scweb.cwb.gov.tw/webdata/drawTrace/outcome/2017/2017022/1-NJD.gif</waveImageURI>
          </eqStation>
        </shakingArea>
        <shakingArea>
          <areaDesc>澎湖縣地區</areaDesc>
          <areaName>澎湖縣</areaName>
          <areaIntensity unit="級">1</areaIntensity>
          <infoStatus>observe</infoStatus>
          <eqStation>
            <stationName>馬公市</stationName>
            <stationCode>PNG</stationCode>
            <stationLon unit="度">119.56</stationLon>
            <stationLat unit="度">23.57</stationLat>
            <distance unit="公里">193.62</distance>
            <azimuth unit="度">99.41</azimuth>
            <stationIntensity unit="級">1</stationIntensity>
            <pga unit="gal">
              <vComponent>0.42</vComponent>
              <nsComponent>0.72</nsComponent>
              <ewComponent>0.90</ewComponent>
            </pga>
            <infoStatus>observe</infoStatus>
            <waveImageURI>https://scweb.cwb.gov.tw/webdata/drawTrace/outcome/2017/2017022/1-PNG.gif</waveImageURI>
          </eqStation>
        </shakingArea>
        <shakingArea>
          <areaDesc>最大震度5級地區</areaDesc>
          <areaName>臺東縣</areaName>
          <areaIntensity unit="級">5</areaIntensity>
        </shakingArea>
        <shakingArea>
          <areaDesc>最大震度3級地區</areaDesc>
          <areaName>花蓮縣、高雄市、雲林縣、嘉義縣、嘉義市、臺南市</areaName>
          <areaIntensity unit="級">3</areaIntensity>
        </shakingArea>
        <shakingArea>
          <areaDesc>最大震度2級地區</areaDesc>
          <areaName>南投縣、臺中市、屏東縣、彰化縣、苗栗縣</areaName>
          <areaIntensity unit="級">2</areaIntensity>
        </shakingArea>
        <shakingArea>
          <areaDesc>最大震度1級地區</areaDesc>
          <areaName>宜蘭縣、桃園縣、新竹縣、澎湖縣</areaName>
          <areaIntensity unit="級">1</areaIntensity>
        </shakingArea>
      </intensity>
      <reportRemark>宜蘭縣、桃園縣、新竹縣、澎湖縣</reportRemark>
    </earthquake>
  </dataset>
</cwbopendata>