﻿<?xml version="1.0" encoding="UTF-8" ?>
<cwbopendata xmlns="urn:cwb:gov:tw:cwbcommon:0.1">
  <identifier>CWB-EQ106015-2017-0320-074809</identifier>
  <sender>CWB_SC@scman.cwb.gov.tw</sender>
  <sent>2018-09-10T18:08:48+08:00</sent>
  <status>Actual</status>
  <msgType>Issue</msgType>
  <source>CWB</source>
  <scope>Public</scope>
  <dataset>
    <datasetInfo>
      <datasetDescription>地震報告</datasetDescription>
      <datasetLanguage>zh-TW</datasetLanguage>
      <issueTime>2018-09-10T18:08:48+08:00</issueTime>
      <validTime><endTime>2018-09-11T02:08:48+08:00</endTime></validTime>
    </datasetInfo>
    <earthquake>
      <reportType>地震報告</reportType>
      <earthquakeNo>106015</earthquakeNo>
      <reportContent>03/20-07:48臺灣東部海域發生規模4.5有感地震，最大震度宜蘭縣羅東3級。</reportContent>
      <reportColor>綠色</reportColor>
      <web>https://scweb.cwb.gov.tw/GraphicContent.aspx?ItemId=49&amp;fileString=2017032007480945015</web>
      <reportImageURI>https://scweb.cwb.gov.tw/webdata/OLDEQ/201703/2017032007480945015.gif</reportImageURI>
      <shakemapImageURI>https://scweb.cwb.gov.tw/webdata/drawTrace/plotContour/2017/2017015.gif</shakemapImageURI>
      <earthquakeInfo>
        <originTime>2017-03-20T07:48:09+08:00</originTime>
        <epicenter>
          <epicenterLon unit="度">122.11</epicenterLon>
          <epicenterLat unit="度">24.80</epicenterLat>
          <location>宜蘭縣政府東方  35.6  公里 (位於臺灣東部海域)</location>
        </epicenter>
        <depth unit="公里">13.7</depth>
        <magnitude>
          <magnitudeType>芮氏規模</magnitudeType>
          <magnitudeValue>4.5</magnitudeValue>
        </magnitude>
        <source>中央氣象局</source>
      </earthquakeInfo>
      <intensity>
        <shakingArea>
          <areaDesc>宜蘭縣地區</areaDesc>
          <areaName>宜蘭縣</areaName>
          <areaIntensity unit="級">3</areaIntensity>
          <infoStatus>observe</infoStatus>
          <eqStation>
            <stationName>羅東</stationName>
            <stationCode>NLD</stationCode>
            <stationLon unit="度">121.77</stationLon>
            <stationLat unit="度">24.67</stationLat>
            <distance unit="公里">36.55</distance>
            <azimuth unit="度">68.09</azimuth>
            <stationIntensity unit="級">3</stationIntensity>
            <pga unit="gal">
              <vComponent>4.73</vComponent>
              <nsComponent>6.22</nsComponent>
              <ewComponent>14.30</ewComponent>
            </pga>
            <infoStatus>observe</infoStatus>
            <waveImageURI>https://scweb.cwb.gov.tw/webdata/drawTrace/outcome/2017/2017015/3-NLD.gif</waveImageURI>
          </eqStation>
          <eqStation>
            <stationName>南澳</stationName>
            <stationCode>ENA</stationCode>
            <stationLon unit="度">121.75</stationLon>
            <stationLat unit="度">24.43</stationLat>
            <distance unit="公里">54.87</distance>
            <azimuth unit="度">41.49</azimuth>
            <stationIntensity unit="級">3</stationIntensity>
            <pga unit="gal">
              <vComponent>2.87</vComponent>
              <nsComponent>11.54</nsComponent>
              <ewComponent>10.11</ewComponent>
            </pga>
            <infoStatus>observe</infoStatus>
            <waveImageURI>https://scweb.cwb.gov.tw/webdata/drawTrace/outcome/2017/2017015/3-ENA.gif</waveImageURI>
          </eqStation>
          <eqStation>
            <stationName>內城</stationName>
            <stationCode>TWE</stationCode>
            <stationLon unit="度">121.68</stationLon>
            <stationLat unit="度">24.72</stationLat>
            <distance unit="公里">43.87</distance>
            <azimuth unit="度">78.62</azimuth>
            <stationIntensity unit="級">2</stationIntensity>
          </eqStation>
          <eqStation>
            <stationName>龜山島</stationName>
            <stationCode>EGS</stationCode>
            <stationLon unit="度">121.94</stationLon>
            <stationLat unit="度">24.84</stationLat>
            <distance unit="公里">17.37</distance>
            <azimuth unit="度">107.03</azimuth>
            <stationIntensity unit="級">1</stationIntensity>
            <pga unit="gal">
              <vComponent>0.78</vComponent>
              <nsComponent>0.90</nsComponent>
              <ewComponent>1.32</ewComponent>
            </pga>
            <infoStatus>observe</infoStatus>
            <waveImageURI>https://scweb.cwb.gov.tw/webdata/drawTrace/outcome/2017/2017015/1-EGS.gif</waveImageURI>
          </eqStation>
          <eqStation>
            <stationName>蘇澳</stationName>
            <stationCode>TWC</stationCode>
            <stationLon unit="度">121.86</stationLon>
            <stationLat unit="度">24.61</stationLat>
            <distance unit="公里">32.67</distance>
            <azimuth unit="度">50.32</azimuth>
            <stationIntensity unit="級">1</stationIntensity>
            <pga unit="gal">
              <vComponent>1.67</vComponent>
              <nsComponent>1.73</nsComponent>
              <ewComponent>2.39</ewComponent>
            </pga>
            <infoStatus>observe</infoStatus>
            <waveImageURI>https://scweb.cwb.gov.tw/webdata/drawTrace/outcome/2017/2017015/1-TWC.gif</waveImageURI>
          </eqStation>
          <eqStation>
            <stationName>宜蘭市</stationName>
            <stationCode>ILA</stationCode>
            <stationLon unit="度">121.76</stationLon>
            <stationLat unit="度">24.76</stationLat>
            <distance unit="公里">35.76</distance>
            <azimuth unit="度">84.18</azimuth>
            <stationIntensity unit="級">1</stationIntensity>
            <pga unit="gal">
              <vComponent>0.96</vComponent>
              <nsComponent>1.73</nsComponent>
              <ewComponent>1.73</ewComponent>
            </pga>
            <infoStatus>observe</infoStatus>
            <waveImageURI>https://scweb.cwb.gov.tw/webdata/drawTrace/outcome/2017/2017015/1-ILA.gif</waveImageURI>
          </eqStation>
          <eqStation>
            <stationName>牛鬥</stationName>
            <stationCode>ENT</stationCode>
            <stationLon unit="度">121.57</stationLon>
            <stationLat unit="度">24.64</stationLat>
            <distance unit="公里">56.86</distance>
            <azimuth unit="度">71.94</azimuth>
            <stationIntensity unit="級">1</stationIntensity>
            <pga unit="gal">
              <vComponent>0.72</vComponent>
              <nsComponent>2.03</nsComponent>
              <ewComponent>2.03</ewComponent>
            </pga>
            <infoStatus>observe</infoStatus>
            <waveImageURI>https://scweb.cwb.gov.tw/webdata/drawTrace/outcome/2017/2017015/1-ENT.gif</waveImageURI>
          </eqStation>
          <eqStation>
            <stationName>南山</stationName>
            <stationCode>NNS</stationCode>
            <stationLon unit="度">121.38</stationLon>
            <stationLat unit="度">24.44</stationLat>
            <distance unit="公里">83.65</distance>
            <azimuth unit="度">61.59</azimuth>
            <stationIntensity unit="級">1</stationIntensity>
            <pga unit="gal">
              <vComponent>0.48</vComponent>
              <nsComponent>1.14</nsComponent>
              <ewComponent>0.96</ewComponent>
            </pga>
            <infoStatus>observe</infoStatus>
            <waveImageURI>https://scweb.cwb.gov.tw/webdata/drawTrace/outcome/2017/2017015/1-NNS.gif</waveImageURI>
          </eqStation>
        </shakingArea>
        <shakingArea>
          <areaDesc>新北市地區</areaDesc>
          <areaName>新北市</areaName>
          <areaIntensity unit="級">1</areaIntensity>
          <infoStatus>observe</infoStatus>
          <eqStation>
            <stationName>三貂角</stationName>
            <stationCode>TWB1</stationCode>
            <stationLon unit="度">122.00</stationLon>
            <stationLat unit="度">25.01</stationLat>
            <distance unit="公里">25.92</distance>
            <azimuth unit="度">154.41</azimuth>
            <stationIntensity unit="級">1</stationIntensity>
            <pga unit="gal">
              <vComponent>0.30</vComponent>
              <nsComponent>0.66</nsComponent>
              <ewComponent>1.26</ewComponent>
            </pga>
            <infoStatus>observe</infoStatus>
            <waveImageURI>https://scweb.cwb.gov.tw/webdata/drawTrace/outcome/2017/2017015/1-TWB1.gif</waveImageURI>
          </eqStation>
        </shakingArea>
        <shakingArea>
          <areaDesc>花蓮縣地區</areaDesc>
          <areaName>花蓮縣</areaName>
          <areaIntensity unit="級">1</areaIntensity>
          <infoStatus>observe</infoStatus>
          <eqStation>
            <stationName>和平</stationName>
            <stationCode>EHP</stationCode>
            <stationLon unit="度">121.75</stationLon>
            <stationLat unit="度">24.31</stationLat>
            <distance unit="公里">65.29</distance>
            <azimuth unit="度">33.85</azimuth>
            <stationIntensity unit="級">1</stationIntensity>
            <pga unit="gal">
              <vComponent>1.44</vComponent>
              <nsComponent>2.33</nsComponent>
              <ewComponent>2.33</ewComponent>
            </pga>
            <infoStatus>observe</infoStatus>
            <waveImageURI>https://scweb.cwb.gov.tw/webdata/drawTrace/outcome/2017/2017015/1-EHP.gif</waveImageURI>
          </eqStation>
          <eqStation>
            <stationName>太魯閣</stationName>
            <stationCode>ETL</stationCode>
            <stationLon unit="度">121.62</stationLon>
            <stationLat unit="度">24.16</stationLat>
            <distance unit="公里">86.19</distance>
            <azimuth unit="度">34.78</azimuth>
            <stationIntensity unit="級">1</stationIntensity>
            <pga unit="gal">
              <vComponent>0.30</vComponent>
              <nsComponent>1.08</nsComponent>
              <ewComponent>1.20</ewComponent>
            </pga>
            <infoStatus>observe</infoStatus>
            <waveImageURI>https://scweb.cwb.gov.tw/webdata/drawTrace/outcome/2017/2017015/1-ETL.gif</waveImageURI>
          </eqStation>
        </shakingArea>
        <shakingArea>
          <areaDesc>最大震度3級地區</areaDesc>
          <areaName>宜蘭縣</areaName>
          <areaIntensity unit="級">3</areaIntensity>
        </shakingArea>
        <shakingArea>
          <areaDesc>最大震度1級地區</areaDesc>
          <areaName>新北市、花蓮縣</areaName>
          <areaIntensity unit="級">1</areaIntensity>
        </shakingArea>
      </intensity>
      <reportRemark>新北市、花蓮縣</reportRemark>
    </earthquake>
  </dataset>
</cwbopendata>