﻿<?xml version="1.0" encoding="UTF-8" ?>
<cwbopendata xmlns="urn:cwb:gov:tw:cwbcommon:0.1">
  <identifier>CWB-EQ106019-2017-0417-023416</identifier>
  <sender>CWB_SC@scman.cwb.gov.tw</sender>
  <sent>2018-09-10T18:09:12+08:00</sent>
  <status>Actual</status>
  <msgType>Issue</msgType>
  <source>CWB</source>
  <scope>Public</scope>
  <dataset>
    <datasetInfo>
      <datasetDescription>地震報告</datasetDescription>
      <datasetLanguage>zh-TW</datasetLanguage>
      <issueTime>2018-09-10T18:09:12+08:00</issueTime>
      <validTime><endTime>2018-09-11T02:09:12+08:00</endTime></validTime>
    </datasetInfo>
    <earthquake>
      <reportType>地震報告</reportType>
      <earthquakeNo>106019</earthquakeNo>
      <reportContent>04/17-02:34高雄市那瑪夏區發生規模4.5有感地震，最大震度嘉義縣大埔4級。</reportContent>
      <reportColor>綠色</reportColor>
      <web>https://scweb.cwb.gov.tw/GraphicContent.aspx?ItemId=49&amp;fileString=2017041702341645019</web>
      <reportImageURI>https://scweb.cwb.gov.tw/webdata/OLDEQ/201704/2017041702341645019.gif</reportImageURI>
      <shakemapImageURI>https://scweb.cwb.gov.tw/webdata/drawTrace/plotContour/2017/2017019.gif</shakemapImageURI>
      <earthquakeInfo>
        <originTime>2017-04-17T02:34:16+08:00</originTime>
        <epicenter>
          <epicenterLon unit="度">120.68</epicenterLon>
          <epicenterLat unit="度">23.28</epicenterLat>
          <location>高雄市政府北偏東方  82.1  公里 (位於高雄市那瑪夏區)</location>
        </epicenter>
        <depth unit="公里">6.8</depth>
        <magnitude>
          <magnitudeType>芮氏規模</magnitudeType>
          <magnitudeValue>4.5</magnitudeValue>
        </magnitude>
        <source>中央氣象局</source>
      </earthquakeInfo>
      <intensity>
        <shakingArea>
          <areaDesc>嘉義縣地區</areaDesc>
          <areaName>嘉義縣</areaName>
          <areaIntensity unit="級">4</areaIntensity>
          <infoStatus>observe</infoStatus>
          <eqStation>
            <stationName>大埔</stationName>
            <stationCode>WTP</stationCode>
            <stationLon unit="度">120.62</stationLon>
            <stationLat unit="度">23.24</stationLat>
            <distance unit="公里">6.91</distance>
            <azimuth unit="度">53.18</azimuth>
            <stationIntensity unit="級">4</stationIntensity>
            <pga unit="gal">
              <vComponent>12.56</vComponent>
              <nsComponent>36.49</nsComponent>
              <ewComponent>39.90</ewComponent>
            </pga>
            <infoStatus>observe</infoStatus>
            <waveImageURI>https://scweb.cwb.gov.tw/webdata/drawTrace/outcome/2017/2017019/4-WTP.gif</waveImageURI>
          </eqStation>
          <eqStation>
            <stationName>草山</stationName>
            <stationCode>CHN4</stationCode>
            <stationLon unit="度">120.59</stationLon>
            <stationLat unit="度">23.35</stationLat>
            <distance unit="公里">11.48</distance>
            <azimuth unit="度">132.81</azimuth>
            <stationIntensity unit="級">3</stationIntensity>
            <pga unit="gal">
              <vComponent>8.85</vComponent>
              <nsComponent>11.48</nsComponent>
              <ewComponent>10.65</ewComponent>
            </pga>
            <infoStatus>observe</infoStatus>
            <waveImageURI>https://scweb.cwb.gov.tw/webdata/drawTrace/outcome/2017/2017019/3-CHN4.gif</waveImageURI>
          </eqStation>
          <eqStation>
            <stationName>阿里山</stationName>
            <stationCode>ALS</stationCode>
            <stationLon unit="度">120.81</stationLon>
            <stationLat unit="度">23.51</stationLat>
            <distance unit="公里">28.84</distance>
            <azimuth unit="度">209.04</azimuth>
            <stationIntensity unit="級">2</stationIntensity>
            <pga unit="gal">
              <vComponent>1.91</vComponent>
              <nsComponent>1.85</nsComponent>
              <ewComponent>2.99</ewComponent>
            </pga>
            <infoStatus>observe</infoStatus>
            <waveImageURI>https://scweb.cwb.gov.tw/webdata/drawTrace/outcome/2017/2017019/2-ALS.gif</waveImageURI>
          </eqStation>
          <eqStation>
            <stationName>六腳</stationName>
            <stationCode>CHN7</stationCode>
            <stationLon unit="度">120.24</stationLon>
            <stationLat unit="度">23.48</stationLat>
            <distance unit="公里">49.97</distance>
            <azimuth unit="度">116.69</azimuth>
            <stationIntensity unit="級">1</stationIntensity>
            <pga unit="gal">
              <vComponent>1.67</vComponent>
              <nsComponent>1.32</nsComponent>
              <ewComponent>1.50</ewComponent>
            </pga>
            <infoStatus>observe</infoStatus>
            <waveImageURI>https://scweb.cwb.gov.tw/webdata/drawTrace/outcome/2017/2017019/1-CHN7.gif</waveImageURI>
          </eqStation>
        </shakingArea>
        <shakingArea>
          <areaDesc>高雄市地區</areaDesc>
          <areaName>高雄市</areaName>
          <areaIntensity unit="級">3</areaIntensity>
          <infoStatus>observe</infoStatus>
          <eqStation>
            <stationName>桃源</stationName>
            <stationCode>STY</stationCode>
            <stationLon unit="度">120.77</stationLon>
            <stationLat unit="度">23.16</stationLat>
            <distance unit="公里">16.18</distance>
            <azimuth unit="度">325.55</azimuth>
            <stationIntensity unit="級">3</stationIntensity>
            <pga unit="gal">
              <vComponent>4.25</vComponent>
              <nsComponent>15.25</nsComponent>
              <ewComponent>17.29</ewComponent>
            </pga>
            <infoStatus>observe</infoStatus>
            <waveImageURI>https://scweb.cwb.gov.tw/webdata/drawTrace/outcome/2017/2017019/3-STY.gif</waveImageURI>
          </eqStation>
          <eqStation>
            <stationName>甲仙</stationName>
            <stationCode>SGS</stationCode>
            <stationLon unit="度">120.59</stationLon>
            <stationLat unit="度">23.08</stationLat>
            <distance unit="公里">23.93</distance>
            <azimuth unit="度">21.49</azimuth>
            <stationIntensity unit="級">2</stationIntensity>
          </eqStation>
          <eqStation>
            <stationName>旗山</stationName>
            <stationCode>TWM1</stationCode>
            <stationLon unit="度">120.43</stationLon>
            <stationLat unit="度">22.82</stationLat>
            <distance unit="公里">56.85</distance>
            <azimuth unit="度">26.28</azimuth>
            <stationIntensity unit="級">1</stationIntensity>
            <pga unit="gal">
              <vComponent>0.36</vComponent>
              <nsComponent>0.90</nsComponent>
              <ewComponent>0.60</ewComponent>
            </pga>
            <infoStatus>observe</infoStatus>
            <waveImageURI>https://scweb.cwb.gov.tw/webdata/drawTrace/outcome/2017/2017019/1-TWM1.gif</waveImageURI>
          </eqStation>
        </shakingArea>
        <shakingArea>
          <areaDesc>臺南市地區</areaDesc>
          <areaName>臺南市</areaName>
          <areaIntensity unit="級">3</areaIntensity>
          <infoStatus>observe</infoStatus>
          <eqStation>
            <stationName>東山</stationName>
            <stationCode>TWL</stationCode>
            <stationLon unit="度">120.50</stationLon>
            <stationLat unit="度">23.26</stationLat>
            <distance unit="公里">17.91</distance>
            <azimuth unit="度">83.88</azimuth>
            <stationIntensity unit="級">3</stationIntensity>
            <pga unit="gal">
              <vComponent>5.74</vComponent>
              <nsComponent>9.57</nsComponent>
              <ewComponent>15.91</ewComponent>
            </pga>
            <infoStatus>observe</infoStatus>
            <waveImageURI>https://scweb.cwb.gov.tw/webdata/drawTrace/outcome/2017/2017019/3-TWL.gif</waveImageURI>
          </eqStation>
          <eqStation>
            <stationName>楠西</stationName>
            <stationCode>CHN1</stationCode>
            <stationLon unit="度">120.53</stationLon>
            <stationLat unit="度">23.19</stationLat>
            <distance unit="公里">18.50</distance>
            <azimuth unit="度">54.85</azimuth>
            <stationIntensity unit="級">3</stationIntensity>
            <pga unit="gal">
              <vComponent>8.97</vComponent>
              <nsComponent>14.18</nsComponent>
              <ewComponent>12.02</ewComponent>
            </pga>
            <infoStatus>observe</infoStatus>
            <waveImageURI>https://scweb.cwb.gov.tw/webdata/drawTrace/outcome/2017/2017019/3-CHN1.gif</waveImageURI>
          </eqStation>
          <eqStation>
            <stationName>新化</stationName>
            <stationCode>CHN3</stationCode>
            <stationLon unit="度">120.36</stationLon>
            <stationLat unit="度">23.08</stationLat>
            <distance unit="公里">39.21</distance>
            <azimuth unit="度">54.45</azimuth>
            <stationIntensity unit="級">2</stationIntensity>
            <pga unit="gal">
              <vComponent>1.38</vComponent>
              <nsComponent>3.23</nsComponent>
              <ewComponent>3.05</ewComponent>
            </pga>
            <infoStatus>observe</infoStatus>
            <waveImageURI>https://scweb.cwb.gov.tw/webdata/drawTrace/outcome/2017/2017019/2-CHN3.gif</waveImageURI>
          </eqStation>
          <eqStation>
            <stationName>佳里</stationName>
            <stationCode>SCL</stationCode>
            <stationLon unit="度">120.20</stationLon>
            <stationLat unit="度">23.17</stationLat>
            <distance unit="公里">50.01</distance>
            <azimuth unit="度">76.20</azimuth>
            <stationIntensity unit="級">2</stationIntensity>
            <pga unit="gal">
              <vComponent>0.60</vComponent>
              <nsComponent>2.33</nsComponent>
              <ewComponent>2.57</ewComponent>
            </pga>
            <infoStatus>observe</infoStatus>
            <waveImageURI>https://scweb.cwb.gov.tw/webdata/drawTrace/outcome/2017/2017019/2-SCL.gif</waveImageURI>
          </eqStation>
          <eqStation>
            <stationName>善化</stationName>
            <stationCode>SSH</stationCode>
            <stationLon unit="度">120.29</stationLon>
            <stationLat unit="度">23.14</stationLat>
            <distance unit="公里">42.85</distance>
            <azimuth unit="度">67.98</azimuth>
            <stationIntensity unit="級">2</stationIntensity>
            <pga unit="gal">
              <vComponent>1.97</vComponent>
              <nsComponent>4.37</nsComponent>
              <ewComponent>2.99</ewComponent>
            </pga>
            <infoStatus>observe</infoStatus>
            <waveImageURI>https://scweb.cwb.gov.tw/webdata/drawTrace/outcome/2017/2017019/2-SSH.gif</waveImageURI>
          </eqStation>
          <eqStation>
            <stationName>七股</stationName>
            <stationCode>SCK</stationCode>
            <stationLon unit="度">120.09</stationLon>
            <stationLat unit="度">23.15</stationLat>
            <distance unit="公里">62.20</distance>
            <azimuth unit="度">76.15</azimuth>
            <stationIntensity unit="級">2</stationIntensity>
            <pga unit="gal">
              <vComponent>0.66</vComponent>
              <nsComponent>3.77</nsComponent>
              <ewComponent>2.21</ewComponent>
            </pga>
            <infoStatus>observe</infoStatus>
            <waveImageURI>https://scweb.cwb.gov.tw/webdata/drawTrace/outcome/2017/2017019/2-SCK.gif</waveImageURI>
          </eqStation>
          <eqStation>
            <stationName>永康</stationName>
            <stationCode>TAI1</stationCode>
            <stationLon unit="度">120.24</stationLon>
            <stationLat unit="度">23.04</stationLat>
            <distance unit="公里">52.47</distance>
            <azimuth unit="度">59.08</azimuth>
            <stationIntensity unit="級">1</stationIntensity>
            <pga unit="gal">
              <vComponent>0.54</vComponent>
              <nsComponent>1.44</nsComponent>
              <ewComponent>1.85</ewComponent>
            </pga>
            <infoStatus>observe</infoStatus>
            <waveImageURI>https://scweb.cwb.gov.tw/webdata/drawTrace/outcome/2017/2017019/1-TAI1.gif</waveImageURI>
          </eqStation>
          <eqStation>
            <stationName>臺南市</stationName>
            <stationCode>TAI</stationCode>
            <stationLon unit="度">120.21</stationLon>
            <stationLat unit="度">22.99</stationLat>
            <distance unit="公里">57.87</distance>
            <azimuth unit="度">56.52</azimuth>
            <stationIntensity unit="級">1</stationIntensity>
            <pga unit="gal">
              <vComponent>0.72</vComponent>
              <nsComponent>1.08</nsComponent>
              <ewComponent>0.72</ewComponent>
            </pga>
            <infoStatus>observe</infoStatus>
            <waveImageURI>https://scweb.cwb.gov.tw/webdata/drawTrace/outcome/2017/2017019/1-TAI.gif</waveImageURI>
          </eqStation>
        </shakingArea>
        <shakingArea>
          <areaDesc>嘉義市地區</areaDesc>
          <areaName>嘉義市</areaName>
          <areaIntensity unit="級">2</areaIntensity>
          <infoStatus>observe</infoStatus>
          <eqStation>
            <stationName>嘉義市</stationName>
            <stationCode>CHY</stationCode>
            <stationLon unit="度">120.43</stationLon>
            <stationLat unit="度">23.50</stationLat>
            <distance unit="公里">34.48</distance>
            <azimuth unit="度">133.77</azimuth>
            <stationIntensity unit="級">2</stationIntensity>
            <pga unit="gal">
              <vComponent>1.73</vComponent>
              <nsComponent>4.61</nsComponent>
              <ewComponent>6.64</ewComponent>
            </pga>
            <infoStatus>observe</infoStatus>
            <waveImageURI>https://scweb.cwb.gov.tw/webdata/drawTrace/outcome/2017/2017019/2-CHY.gif</waveImageURI>
          </eqStation>
        </shakingArea>
        <shakingArea>
          <areaDesc>雲林縣地區</areaDesc>
          <areaName>雲林縣</areaName>
          <areaIntensity unit="級">2</areaIntensity>
          <infoStatus>observe</infoStatus>
          <eqStation>
            <stationName>古坑</stationName>
            <stationCode>WGK</stationCode>
            <stationLon unit="度">120.57</stationLon>
            <stationLat unit="度">23.68</stationLat>
            <distance unit="公里">46.06</distance>
            <azimuth unit="度">166.40</azimuth>
            <stationIntensity unit="級">2</stationIntensity>
            <pga unit="gal">
              <vComponent>0.84</vComponent>
              <nsComponent>2.87</nsComponent>
              <ewComponent>2.51</ewComponent>
            </pga>
            <infoStatus>observe</infoStatus>
            <waveImageURI>https://scweb.cwb.gov.tw/webdata/drawTrace/outcome/2017/2017019/2-WGK.gif</waveImageURI>
          </eqStation>
          <eqStation>
            <stationName>斗六市</stationName>
            <stationCode>WDL</stationCode>
            <stationLon unit="度">120.54</stationLon>
            <stationLat unit="度">23.72</stationLat>
            <distance unit="公里">50.16</distance>
            <azimuth unit="度">163.70</azimuth>
            <stationIntensity unit="級">2</stationIntensity>
            <pga unit="gal">
              <vComponent>1.26</vComponent>
              <nsComponent>2.69</nsComponent>
              <ewComponent>2.63</ewComponent>
            </pga>
            <infoStatus>observe</infoStatus>
            <waveImageURI>https://scweb.cwb.gov.tw/webdata/drawTrace/outcome/2017/2017019/2-WDL.gif</waveImageURI>
          </eqStation>
          <eqStation>
            <stationName>草嶺</stationName>
            <stationCode>CHN5</stationCode>
            <stationLon unit="度">120.68</stationLon>
            <stationLat unit="度">23.60</stationLat>
            <distance unit="公里">35.09</distance>
            <azimuth unit="度">180.16</azimuth>
            <stationIntensity unit="級">1</stationIntensity>
            <pga unit="gal">
              <vComponent>0.90</vComponent>
              <nsComponent>2.09</nsComponent>
              <ewComponent>2.33</ewComponent>
            </pga>
            <infoStatus>observe</infoStatus>
            <waveImageURI>https://scweb.cwb.gov.tw/webdata/drawTrace/outcome/2017/2017019/1-CHN5.gif</waveImageURI>
          </eqStation>
          <eqStation>
            <stationName>四湖</stationName>
            <stationCode>WSF</stationCode>
            <stationLon unit="度">120.23</stationLon>
            <stationLat unit="度">23.64</stationLat>
            <distance unit="公里">60.29</distance>
            <azimuth unit="度">130.83</azimuth>
            <stationIntensity unit="級">1</stationIntensity>
            <pga unit="gal">
              <vComponent>0.90</vComponent>
              <nsComponent>1.85</nsComponent>
              <ewComponent>1.61</ewComponent>
            </pga>
            <infoStatus>observe</infoStatus>
            <waveImageURI>https://scweb.cwb.gov.tw/webdata/drawTrace/outcome/2017/2017019/1-WSF.gif</waveImageURI>
          </eqStation>
        </shakingArea>
        <shakingArea>
          <areaDesc>臺東縣地區</areaDesc>
          <areaName>臺東縣</areaName>
          <areaIntensity unit="級">1</areaIntensity>
          <infoStatus>observe</infoStatus>
          <eqStation>
            <stationName>利稻</stationName>
            <stationCode>ELD</stationCode>
            <stationLon unit="度">121.03</stationLon>
            <stationLat unit="度">23.19</stationLat>
            <distance unit="公里">37.19</distance>
            <azimuth unit="度">286.28</azimuth>
            <stationIntensity unit="級">1</stationIntensity>
            <pga unit="gal">
              <vComponent>1.02</vComponent>
              <nsComponent>1.85</nsComponent>
              <ewComponent>1.44</ewComponent>
            </pga>
            <infoStatus>observe</infoStatus>
            <waveImageURI>https://scweb.cwb.gov.tw/webdata/drawTrace/outcome/2017/2017019/1-ELD.gif</waveImageURI>
          </eqStation>
        </shakingArea>
        <shakingArea>
          <areaDesc>彰化縣地區</areaDesc>
          <areaName>彰化縣</areaName>
          <areaIntensity unit="級">1</areaIntensity>
          <infoStatus>observe</infoStatus>
          <eqStation>
            <stationName>二水</stationName>
            <stationCode>WES</stationCode>
            <stationLon unit="度">120.62</stationLon>
            <stationLat unit="度">23.81</stationLat>
            <distance unit="公里">59.10</distance>
            <azimuth unit="度">174.20</azimuth>
            <stationIntensity unit="級">1</stationIntensity>
            <pga unit="gal">
              <vComponent>0.72</vComponent>
              <nsComponent>0.96</nsComponent>
              <ewComponent>1.08</ewComponent>
            </pga>
            <infoStatus>observe</infoStatus>
            <waveImageURI>https://scweb.cwb.gov.tw/webdata/drawTrace/outcome/2017/2017019/1-WES.gif</waveImageURI>
          </eqStation>
          <eqStation>
            <stationName>大城</stationName>
            <stationCode>WTC</stationCode>
            <stationLon unit="度">120.29</stationLon>
            <stationLat unit="度">23.86</stationLat>
            <distance unit="公里">75.57</distance>
            <azimuth unit="度">148.46</azimuth>
            <stationIntensity unit="級">1</stationIntensity>
            <pga unit="gal">
              <vComponent>0.66</vComponent>
              <nsComponent>1.20</nsComponent>
              <ewComponent>1.02</ewComponent>
            </pga>
            <infoStatus>observe</infoStatus>
            <waveImageURI>https://scweb.cwb.gov.tw/webdata/drawTrace/outcome/2017/2017019/1-WTC.gif</waveImageURI>
          </eqStation>
          <eqStation>
            <stationName>員林</stationName>
            <stationCode>WYL</stationCode>
            <stationLon unit="度">120.58</stationLon>
            <stationLat unit="度">23.96</stationLat>
            <distance unit="公里">76.03</distance>
            <azimuth unit="度">172.57</azimuth>
            <stationIntensity unit="級">1</stationIntensity>
            <pga unit="gal">
              <vComponent>0.90</vComponent>
              <nsComponent>1.20</nsComponent>
              <ewComponent>1.44</ewComponent>
            </pga>
            <infoStatus>observe</infoStatus>
            <waveImageURI>https://scweb.cwb.gov.tw/webdata/drawTrace/outcome/2017/2017019/1-WYL.gif</waveImageURI>
          </eqStation>
          <eqStation>
            <stationName>彰化市</stationName>
            <stationCode>WCH</stationCode>
            <stationLon unit="度">120.56</stationLon>
            <stationLat unit="度">24.08</stationLat>
            <distance unit="公里">89.67</distance>
            <azimuth unit="度">172.19</azimuth>
            <stationIntensity unit="級">1</stationIntensity>
            <pga unit="gal">
              <vComponent>0.66</vComponent>
              <nsComponent>2.03</nsComponent>
              <ewComponent>2.09</ewComponent>
            </pga>
            <infoStatus>observe</infoStatus>
            <waveImageURI>https://scweb.cwb.gov.tw/webdata/drawTrace/outcome/2017/2017019/1-WCH.gif</waveImageURI>
          </eqStation>
        </shakingArea>
        <shakingArea>
          <areaDesc>屏東縣地區</areaDesc>
          <areaName>屏東縣</areaName>
          <areaIntensity unit="級">1</areaIntensity>
          <infoStatus>observe</infoStatus>
          <eqStation>
            <stationName>三地門</stationName>
            <stationCode>SSD</stationCode>
            <stationLon unit="度">120.64</stationLon>
            <stationLat unit="度">22.74</stationLat>
            <distance unit="公里">59.65</distance>
            <azimuth unit="度">3.56</azimuth>
            <stationIntensity unit="級">1</stationIntensity>
            <pga unit="gal">
              <vComponent>0.60</vComponent>
              <nsComponent>0.66</nsComponent>
              <ewComponent>0.96</ewComponent>
            </pga>
            <infoStatus>observe</infoStatus>
            <waveImageURI>https://scweb.cwb.gov.tw/webdata/drawTrace/outcome/2017/2017019/1-SSD.gif</waveImageURI>
          </eqStation>
        </shakingArea>
        <shakingArea>
          <areaDesc>南投縣地區</areaDesc>
          <areaName>南投縣</areaName>
          <areaIntensity unit="級">1</areaIntensity>
          <infoStatus>observe</infoStatus>
          <eqStation>
            <stationName>名間</stationName>
            <stationCode>WNT</stationCode>
            <stationLon unit="度">120.69</stationLon>
            <stationLat unit="度">23.88</stationLat>
            <distance unit="公里">66.11</distance>
            <azimuth unit="度">181.43</azimuth>
            <stationIntensity unit="級">1</stationIntensity>
            <pga unit="gal">
              <vComponent>0.42</vComponent>
              <nsComponent>1.08</nsComponent>
              <ewComponent>0.78</ewComponent>
            </pga>
            <infoStatus>observe</infoStatus>
            <waveImageURI>https://scweb.cwb.gov.tw/webdata/drawTrace/outcome/2017/2017019/1-WNT.gif</waveImageURI>
          </eqStation>
        </shakingArea>
        <shakingArea>
          <areaDesc>臺中市地區</areaDesc>
          <areaName>臺中市</areaName>
          <areaIntensity unit="級">1</areaIntensity>
          <infoStatus>observe</infoStatus>
          <eqStation>
            <stationName>霧峰</stationName>
            <stationCode>WWF</stationCode>
            <stationLon unit="度">120.70</stationLon>
            <stationLat unit="度">24.04</stationLat>
            <distance unit="公里">84.54</distance>
            <azimuth unit="度">181.52</azimuth>
            <stationIntensity unit="級">1</stationIntensity>
            <pga unit="gal">
              <vComponent>0.54</vComponent>
              <nsComponent>1.02</nsComponent>
              <ewComponent>0.66</ewComponent>
            </pga>
            <infoStatus>observe</infoStatus>
            <waveImageURI>https://scweb.cwb.gov.tw/webdata/drawTrace/outcome/2017/2017019/1-WWF.gif</waveImageURI>
          </eqStation>
          <eqStation>
            <stationName>大肚</stationName>
            <stationCode>WDD</stationCode>
            <stationLon unit="度">120.56</stationLon>
            <stationLat unit="度">24.13</stationLat>
            <distance unit="公里">95.50</distance>
            <azimuth unit="度">172.67</azimuth>
            <stationIntensity unit="級">1</stationIntensity>
            <pga unit="gal">
              <vComponent>0.36</vComponent>
              <nsComponent>0.72</nsComponent>
              <ewComponent>0.84</ewComponent>
            </pga>
            <infoStatus>observe</infoStatus>
            <waveImageURI>https://scweb.cwb.gov.tw/webdata/drawTrace/outcome/2017/2017019/1-WDD.gif</waveImageURI>
          </eqStation>
          <eqStation>
            <stationName>德基</stationName>
            <stationCode>TWT</stationCode>
            <stationLon unit="度">121.16</stationLon>
            <stationLat unit="度">24.25</stationLat>
            <distance unit="公里">118.24</distance>
            <azimuth unit="度">204.72</azimuth>
            <stationIntensity unit="級">1</stationIntensity>
            <pga unit="gal">
              <vComponent>0.36</vComponent>
              <nsComponent>0.84</nsComponent>
              <ewComponent>0.36</ewComponent>
            </pga>
            <infoStatus>observe</infoStatus>
            <waveImageURI>https://scweb.cwb.gov.tw/webdata/drawTrace/outcome/2017/2017019/1-TWT.gif</waveImageURI>
          </eqStation>
        </shakingArea>
        <shakingArea>
          <areaDesc>最大震度4級地區</areaDesc>
          <areaName>嘉義縣</areaName>
          <areaIntensity unit="級">4</areaIntensity>
        </shakingArea>
        <shakingArea>
          <areaDesc>最大震度3級地區</areaDesc>
          <areaName>高雄市、臺南市</areaName>
          <areaIntensity unit="級">3</areaIntensity>
        </shakingArea>
        <shakingArea>
          <areaDesc>最大震度2級地區</areaDesc>
          <areaName>嘉義市、雲林縣</areaName>
          <areaIntensity unit="級">2</areaIntensity>
        </shakingArea>
        <shakingArea>
          <areaDesc>最大震度1級地區</areaDesc>
          <areaName>臺東縣、彰化縣、屏東縣、南投縣、臺中市</areaName>
          <areaIntensity unit="級">1</areaIntensity>
        </shakingArea>
      </intensity>
      <reportRemark>臺東縣、彰化縣、屏東縣、南投縣、臺中市</reportRemark>
    </earthquake>
  </dataset>
</cwbopendata>