﻿<?xml version="1.0" encoding="UTF-8" ?>
<cwbopendata xmlns="urn:cwb:gov:tw:cwbcommon:0.1">
  <identifier>CWB-EQ106053-2017-1111-213938</identifier>
  <sender>CWB_SC@scman.cwb.gov.tw</sender>
  <sent>2018-09-10T18:18:29+08:00</sent>
  <status>Actual</status>
  <msgType>Issue</msgType>
  <source>CWB</source>
  <scope>Public</scope>
  <dataset>
    <datasetInfo>
      <datasetDescription>地震報告</datasetDescription>
      <datasetLanguage>zh-TW</datasetLanguage>
      <issueTime>2018-09-10T18:18:29+08:00</issueTime>
      <validTime><endTime>2018-09-11T02:18:29+08:00</endTime></validTime>
    </datasetInfo>
    <earthquake>
      <reportType>地震報告</reportType>
      <earthquakeNo>106053</earthquakeNo>
      <reportContent>11/11-21:39南投縣竹山鎮發生規模3.8有感地震，最大震度雲林縣古坑4級。</reportContent>
      <reportColor>綠色</reportColor>
      <web>https://scweb.cwb.gov.tw/GraphicContent.aspx?ItemId=49&amp;fileString=2017111121393838053</web>
      <reportImageURI>https://scweb.cwb.gov.tw/webdata/OLDEQ/201711/2017111121393838053.gif</reportImageURI>
      <shakemapImageURI>https://scweb.cwb.gov.tw/webdata/drawTrace/plotContour/2017/2017053.gif</shakemapImageURI>
      <earthquakeInfo>
        <originTime>2017-11-11T21:39:38+08:00</originTime>
        <epicenter>
          <epicenterLon unit="度">120.71</epicenterLon>
          <epicenterLat unit="度">23.64</epicenterLat>
          <location>南投縣政府南方  28.7  公里 (位於南投縣竹山鎮)</location>
        </epicenter>
        <depth unit="公里">14.2</depth>
        <magnitude>
          <magnitudeType>芮氏規模</magnitudeType>
          <magnitudeValue>3.8</magnitudeValue>
        </magnitude>
        <source>中央氣象局</source>
      </earthquakeInfo>
      <intensity>
        <shakingArea>
          <areaDesc>雲林縣地區</areaDesc>
          <areaName>雲林縣</areaName>
          <areaIntensity unit="級">4</areaIntensity>
          <infoStatus>observe</infoStatus>
          <eqStation>
            <stationName>古坑</stationName>
            <stationCode>WGK</stationCode>
            <stationLon unit="度">120.57</stationLon>
            <stationLat unit="度">23.68</stationLat>
            <distance unit="公里">14.60</distance>
            <azimuth unit="度">108.08</azimuth>
            <stationIntensity unit="級">4</stationIntensity>
            <pga unit="gal">
              <vComponent>5.86</vComponent>
              <nsComponent>33.62</nsComponent>
              <ewComponent>21.83</ewComponent>
            </pga>
            <infoStatus>observe</infoStatus>
            <waveImageURI>https://scweb.cwb.gov.tw/webdata/drawTrace/outcome/2017/2017053/4-WGK.gif</waveImageURI>
          </eqStation>
          <eqStation>
            <stationName>草嶺</stationName>
            <stationCode>CHN5</stationCode>
            <stationLon unit="度">120.68</stationLon>
            <stationLat unit="度">23.60</stationLat>
            <distance unit="公里">5.94</distance>
            <azimuth unit="度">29.94</azimuth>
            <stationIntensity unit="級">3</stationIntensity>
            <pga unit="gal">
              <vComponent>5.38</vComponent>
              <nsComponent>12.80</nsComponent>
              <ewComponent>15.97</ewComponent>
            </pga>
            <infoStatus>observe</infoStatus>
            <waveImageURI>https://scweb.cwb.gov.tw/webdata/drawTrace/outcome/2017/2017053/3-CHN5.gif</waveImageURI>
          </eqStation>
          <eqStation>
            <stationName>斗六市</stationName>
            <stationCode>WDL</stationCode>
            <stationLon unit="度">120.54</stationLon>
            <stationLat unit="度">23.72</stationLat>
            <distance unit="公里">18.86</distance>
            <azimuth unit="度">114.81</azimuth>
            <stationIntensity unit="級">2</stationIntensity>
            <pga unit="gal">
              <vComponent>1.73</vComponent>
              <nsComponent>2.45</nsComponent>
              <ewComponent>2.57</ewComponent>
            </pga>
            <infoStatus>observe</infoStatus>
            <waveImageURI>https://scweb.cwb.gov.tw/webdata/drawTrace/outcome/2017/2017053/2-WDL.gif</waveImageURI>
          </eqStation>
          <eqStation>
            <stationName>四湖</stationName>
            <stationCode>WSF</stationCode>
            <stationLon unit="度">120.23</stationLon>
            <stationLat unit="度">23.64</stationLat>
            <distance unit="公里">48.62</distance>
            <azimuth unit="度">89.04</azimuth>
            <stationIntensity unit="級">1</stationIntensity>
            <pga unit="gal">
              <vComponent>0.78</vComponent>
              <nsComponent>1.67</nsComponent>
              <ewComponent>1.02</ewComponent>
            </pga>
            <infoStatus>observe</infoStatus>
            <waveImageURI>https://scweb.cwb.gov.tw/webdata/drawTrace/outcome/2017/2017053/1-WSF.gif</waveImageURI>
          </eqStation>
        </shakingArea>
        <shakingArea>
          <areaDesc>彰化縣地區</areaDesc>
          <areaName>彰化縣</areaName>
          <areaIntensity unit="級">2</areaIntensity>
          <infoStatus>observe</infoStatus>
          <eqStation>
            <stationName>二水</stationName>
            <stationCode>WES</stationCode>
            <stationLon unit="度">120.62</stationLon>
            <stationLat unit="度">23.81</stationLat>
            <distance unit="公里">20.64</distance>
            <azimuth unit="度">154.07</azimuth>
            <stationIntensity unit="級">2</stationIntensity>
            <pga unit="gal">
              <vComponent>2.75</vComponent>
              <nsComponent>4.37</nsComponent>
              <ewComponent>2.99</ewComponent>
            </pga>
            <infoStatus>observe</infoStatus>
            <waveImageURI>https://scweb.cwb.gov.tw/webdata/drawTrace/outcome/2017/2017053/2-WES.gif</waveImageURI>
          </eqStation>
          <eqStation>
            <stationName>員林</stationName>
            <stationCode>WYL</stationCode>
            <stationLon unit="度">120.58</stationLon>
            <stationLat unit="度">23.96</stationLat>
            <distance unit="公里">37.44</distance>
            <azimuth unit="度">159.89</azimuth>
            <stationIntensity unit="級">2</stationIntensity>
            <pga unit="gal">
              <vComponent>2.03</vComponent>
              <nsComponent>3.65</nsComponent>
              <ewComponent>2.15</ewComponent>
            </pga>
            <infoStatus>observe</infoStatus>
            <waveImageURI>https://scweb.cwb.gov.tw/webdata/drawTrace/outcome/2017/2017053/2-WYL.gif</waveImageURI>
          </eqStation>
          <eqStation>
            <stationName>大城</stationName>
            <stationCode>WTC</stationCode>
            <stationLon unit="度">120.29</stationLon>
            <stationLat unit="度">23.86</stationLat>
            <distance unit="公里">48.93</distance>
            <azimuth unit="度">119.60</azimuth>
            <stationIntensity unit="級">2</stationIntensity>
            <pga unit="gal">
              <vComponent>1.02</vComponent>
              <nsComponent>1.85</nsComponent>
              <ewComponent>2.93</ewComponent>
            </pga>
            <infoStatus>observe</infoStatus>
            <waveImageURI>https://scweb.cwb.gov.tw/webdata/drawTrace/outcome/2017/2017053/2-WTC.gif</waveImageURI>
          </eqStation>
          <eqStation>
            <stationName>彰化市</stationName>
            <stationCode>WCH</stationCode>
            <stationLon unit="度">120.56</stationLon>
            <stationLat unit="度">24.08</stationLat>
            <distance unit="公里">50.93</distance>
            <azimuth unit="度">162.60</azimuth>
            <stationIntensity unit="級">2</stationIntensity>
            <pga unit="gal">
              <vComponent>2.21</vComponent>
              <nsComponent>4.25</nsComponent>
              <ewComponent>3.29</ewComponent>
            </pga>
            <infoStatus>observe</infoStatus>
            <waveImageURI>https://scweb.cwb.gov.tw/webdata/drawTrace/outcome/2017/2017053/2-WCH.gif</waveImageURI>
          </eqStation>
        </shakingArea>
        <shakingArea>
          <areaDesc>南投縣地區</areaDesc>
          <areaName>南投縣</areaName>
          <areaIntensity unit="級">2</areaIntensity>
          <infoStatus>observe</infoStatus>
          <eqStation>
            <stationName>名間</stationName>
            <stationCode>WNT</stationCode>
            <stationLon unit="度">120.69</stationLon>
            <stationLat unit="度">23.88</stationLat>
            <distance unit="公里">25.89</distance>
            <azimuth unit="度">176.88</azimuth>
            <stationIntensity unit="級">2</stationIntensity>
            <pga unit="gal">
              <vComponent>4.79</vComponent>
              <nsComponent>7.36</nsComponent>
              <ewComponent>7.24</ewComponent>
            </pga>
            <infoStatus>observe</infoStatus>
            <waveImageURI>https://scweb.cwb.gov.tw/webdata/drawTrace/outcome/2017/2017053/2-WNT.gif</waveImageURI>
          </eqStation>
          <eqStation>
            <stationName>南投市</stationName>
            <stationCode>WNT1</stationCode>
            <stationLon unit="度">120.68</stationLon>
            <stationLat unit="度">23.91</stationLat>
            <distance unit="公里">29.32</distance>
            <azimuth unit="度">174.75</azimuth>
            <stationIntensity unit="級">1</stationIntensity>
            <pga unit="gal">
              <vComponent>1.26</vComponent>
              <nsComponent>0.90</nsComponent>
              <ewComponent>0.84</ewComponent>
            </pga>
            <infoStatus>observe</infoStatus>
            <waveImageURI>https://scweb.cwb.gov.tw/webdata/drawTrace/outcome/2017/2017053/1-WNT1.gif</waveImageURI>
          </eqStation>
        </shakingArea>
        <shakingArea>
          <areaDesc>臺中市地區</areaDesc>
          <areaName>臺中市</areaName>
          <areaIntensity unit="級">2</areaIntensity>
          <infoStatus>observe</infoStatus>
          <eqStation>
            <stationName>霧峰</stationName>
            <stationCode>WWF</stationCode>
            <stationLon unit="度">120.70</stationLon>
            <stationLat unit="度">24.04</stationLat>
            <distance unit="公里">44.28</distance>
            <azimuth unit="度">178.94</azimuth>
            <stationIntensity unit="級">2</stationIntensity>
            <pga unit="gal">
              <vComponent>1.20</vComponent>
              <nsComponent>1.91</nsComponent>
              <ewComponent>2.69</ewComponent>
            </pga>
            <infoStatus>observe</infoStatus>
            <waveImageURI>https://scweb.cwb.gov.tw/webdata/drawTrace/outcome/2017/2017053/2-WWF.gif</waveImageURI>
          </eqStation>
          <eqStation>
            <stationName>大肚</stationName>
            <stationCode>WDD</stationCode>
            <stationLon unit="度">120.56</stationLon>
            <stationLat unit="度">24.13</stationLat>
            <distance unit="公里">56.57</distance>
            <azimuth unit="度">164.39</azimuth>
            <stationIntensity unit="級">1</stationIntensity>
            <pga unit="gal">
              <vComponent>1.02</vComponent>
              <nsComponent>2.03</nsComponent>
              <ewComponent>2.21</ewComponent>
            </pga>
            <infoStatus>observe</infoStatus>
            <waveImageURI>https://scweb.cwb.gov.tw/webdata/drawTrace/outcome/2017/2017053/1-WDD.gif</waveImageURI>
          </eqStation>
        </shakingArea>
        <shakingArea>
          <areaDesc>嘉義縣地區</areaDesc>
          <areaName>嘉義縣</areaName>
          <areaIntensity unit="級">1</areaIntensity>
          <infoStatus>observe</infoStatus>
          <eqStation>
            <stationName>阿里山</stationName>
            <stationCode>ALS</stationCode>
            <stationLon unit="度">120.81</stationLon>
            <stationLat unit="度">23.51</stationLat>
            <distance unit="公里">18.57</distance>
            <azimuth unit="度">323.98</azimuth>
            <stationIntensity unit="級">1</stationIntensity>
            <pga unit="gal">
              <vComponent>1.26</vComponent>
              <nsComponent>2.03</nsComponent>
              <ewComponent>1.50</ewComponent>
            </pga>
            <infoStatus>observe</infoStatus>
            <waveImageURI>https://scweb.cwb.gov.tw/webdata/drawTrace/outcome/2017/2017053/1-ALS.gif</waveImageURI>
          </eqStation>
          <eqStation>
            <stationName>六腳</stationName>
            <stationCode>CHN7</stationCode>
            <stationLon unit="度">120.24</stationLon>
            <stationLat unit="度">23.48</stationLat>
            <distance unit="公里">50.87</distance>
            <azimuth unit="度">69.53</azimuth>
            <stationIntensity unit="級">1</stationIntensity>
            <pga unit="gal">
              <vComponent>0.48</vComponent>
              <nsComponent>1.26</nsComponent>
              <ewComponent>0.78</ewComponent>
            </pga>
            <infoStatus>observe</infoStatus>
            <waveImageURI>https://scweb.cwb.gov.tw/webdata/drawTrace/outcome/2017/2017053/1-CHN7.gif</waveImageURI>
          </eqStation>
        </shakingArea>
        <shakingArea>
          <areaDesc>嘉義市地區</areaDesc>
          <areaName>嘉義市</areaName>
          <areaIntensity unit="級">1</areaIntensity>
          <infoStatus>observe</infoStatus>
          <eqStation>
            <stationName>嘉義市</stationName>
            <stationCode>CHY</stationCode>
            <stationLon unit="度">120.43</stationLon>
            <stationLat unit="度">23.50</stationLat>
            <distance unit="公里">32.38</distance>
            <azimuth unit="度">59.61</azimuth>
            <stationIntensity unit="級">1</stationIntensity>
            <pga unit="gal">
              <vComponent>0.90</vComponent>
              <nsComponent>1.02</nsComponent>
              <ewComponent>1.02</ewComponent>
            </pga>
            <infoStatus>observe</infoStatus>
            <waveImageURI>https://scweb.cwb.gov.tw/webdata/drawTrace/outcome/2017/2017053/1-CHY.gif</waveImageURI>
          </eqStation>
        </shakingArea>
        <shakingArea>
          <areaDesc>臺南市地區</areaDesc>
          <areaName>臺南市</areaName>
          <areaIntensity unit="級">1</areaIntensity>
          <infoStatus>observe</infoStatus>
          <eqStation>
            <stationName>佳里</stationName>
            <stationCode>SCL</stationCode>
            <stationLon unit="度">120.20</stationLon>
            <stationLat unit="度">23.17</stationLat>
            <distance unit="公里">73.35</distance>
            <azimuth unit="度">44.67</azimuth>
            <stationIntensity unit="級">1</stationIntensity>
            <pga unit="gal">
              <vComponent>0.42</vComponent>
              <nsComponent>0.84</nsComponent>
              <ewComponent>0.66</ewComponent>
            </pga>
            <infoStatus>observe</infoStatus>
            <waveImageURI>https://scweb.cwb.gov.tw/webdata/drawTrace/outcome/2017/2017053/1-SCL.gif</waveImageURI>
          </eqStation>
        </shakingArea>
        <shakingArea>
          <areaDesc>苗栗縣地區</areaDesc>
          <areaName>苗栗縣</areaName>
          <areaIntensity unit="級">1</areaIntensity>
          <infoStatus>observe</infoStatus>
          <eqStation>
            <stationName>竹南</stationName>
            <stationCode>NJN</stationCode>
            <stationLon unit="度">120.87</stationLon>
            <stationLat unit="度">24.68</stationLat>
            <distance unit="公里">116.59</distance>
            <azimuth unit="度">188.22</azimuth>
            <stationIntensity unit="級">1</stationIntensity>
            <pga unit="gal">
              <vComponent>2.27</vComponent>
              <nsComponent>0.90</nsComponent>
              <ewComponent>0.36</ewComponent>
            </pga>
            <infoStatus>observe</infoStatus>
            <waveImageURI>https://scweb.cwb.gov.tw/webdata/drawTrace/outcome/2017/2017053/1-NJN.gif</waveImageURI>
          </eqStation>
        </shakingArea>
        <shakingArea>
          <areaDesc>澎湖縣地區</areaDesc>
          <areaName>澎湖縣</areaName>
          <areaIntensity unit="級">1</areaIntensity>
          <infoStatus>observe</infoStatus>
          <eqStation>
            <stationName>馬公市</stationName>
            <stationCode>PNG</stationCode>
            <stationLon unit="度">119.56</stationLon>
            <stationLat unit="度">23.57</stationLat>
            <distance unit="公里">116.95</distance>
            <azimuth unit="度">85.72</azimuth>
            <stationIntensity unit="級">1</stationIntensity>
            <pga unit="gal">
              <vComponent>0.30</vComponent>
              <nsComponent>1.73</nsComponent>
              <ewComponent>0.96</ewComponent>
            </pga>
            <infoStatus>observe</infoStatus>
            <waveImageURI>https://scweb.cwb.gov.tw/webdata/drawTrace/outcome/2017/2017053/1-PNG.gif</waveImageURI>
          </eqStation>
        </shakingArea>
        <shakingArea>
          <areaDesc>最大震度4級地區</areaDesc>
          <areaName>雲林縣</areaName>
          <areaIntensity unit="級">4</areaIntensity>
        </shakingArea>
        <shakingArea>
          <areaDesc>最大震度2級地區</areaDesc>
          <areaName>彰化縣、南投縣、臺中市</areaName>
          <areaIntensity unit="級">2</areaIntensity>
        </shakingArea>
        <shakingArea>
          <areaDesc>最大震度1級地區</areaDesc>
          <areaName>嘉義縣、嘉義市、臺南市、苗栗縣、澎湖縣</areaName>
          <areaIntensity unit="級">1</areaIntensity>
        </shakingArea>
      </intensity>
      <reportRemark>嘉義縣、嘉義市、臺南市、苗栗縣、澎湖縣</reportRemark>
    </earthquake>
  </dataset>
</cwbopendata>