﻿<?xml version="1.0" encoding="UTF-8" ?>
<cwbopendata xmlns="urn:cwb:gov:tw:cwbcommon:0.1">
  <identifier>CWB-EQ106041-2017-0918-063954</identifier>
  <sender>CWB_SC@scman.cwb.gov.tw</sender>
  <sent>2018-09-10T18:14:36+08:00</sent>
  <status>Actual</status>
  <msgType>Issue</msgType>
  <source>CWB</source>
  <scope>Public</scope>
  <dataset>
    <datasetInfo>
      <datasetDescription>地震報告</datasetDescription>
      <datasetLanguage>zh-TW</datasetLanguage>
      <issueTime>2018-09-10T18:14:36+08:00</issueTime>
      <validTime><endTime>2018-09-11T02:14:36+08:00</endTime></validTime>
    </datasetInfo>
    <earthquake>
      <reportType>地震報告</reportType>
      <earthquakeNo>106041</earthquakeNo>
      <reportContent>09/18-06:39花蓮縣近海發生規模4.8有感地震，最大震度花蓮縣光復、臺東縣長濱、彰化縣彰化市3級。</reportContent>
      <reportColor>綠色</reportColor>
      <web>https://scweb.cwb.gov.tw/GraphicContent.aspx?ItemId=49&amp;fileString=2017091806395448041</web>
      <reportImageURI>https://scweb.cwb.gov.tw/webdata/OLDEQ/201709/2017091806395448041.gif</reportImageURI>
      <shakemapImageURI>https://scweb.cwb.gov.tw/webdata/drawTrace/plotContour/2017/2017041.gif</shakemapImageURI>
      <earthquakeInfo>
        <originTime>2017-09-18T06:39:54+08:00</originTime>
        <epicenter>
          <epicenterLon unit="度">121.56</epicenterLon>
          <epicenterLat unit="度">23.57</epicenterLat>
          <location>花蓮縣政府南方  47.4  公里 (位於花蓮縣近海)</location>
        </epicenter>
        <depth unit="公里">28.7</depth>
        <magnitude>
          <magnitudeType>芮氏規模</magnitudeType>
          <magnitudeValue>4.8</magnitudeValue>
        </magnitude>
        <source>中央氣象局</source>
      </earthquakeInfo>
      <intensity>
        <shakingArea>
          <areaDesc>花蓮縣地區</areaDesc>
          <areaName>花蓮縣</areaName>
          <areaIntensity unit="級">3</areaIntensity>
          <infoStatus>observe</infoStatus>
          <eqStation>
            <stationName>光復</stationName>
            <stationCode>EGF</stationCode>
            <stationLon unit="度">121.48</stationLon>
            <stationLat unit="度">23.68</stationLat>
            <distance unit="公里">15.20</distance>
            <azimuth unit="度">149.03</azimuth>
            <stationIntensity unit="級">3</stationIntensity>
            <pga unit="gal">
              <vComponent>8.55</vComponent>
              <nsComponent>8.73</nsComponent>
              <ewComponent>10.83</ewComponent>
            </pga>
            <infoStatus>observe</infoStatus>
            <waveImageURI>https://scweb.cwb.gov.tw/webdata/drawTrace/outcome/2017/2017041/3-EGF.gif</waveImageURI>
          </eqStation>
          <eqStation>
            <stationName>磯崎</stationName>
            <stationCode>EGC</stationCode>
            <stationLon unit="度">121.55</stationLon>
            <stationLat unit="度">23.71</stationLat>
            <distance unit="公里">15.67</distance>
            <azimuth unit="度">175.64</azimuth>
            <stationIntensity unit="級">3</stationIntensity>
            <pga unit="gal">
              <vComponent>10.41</vComponent>
              <nsComponent>18.66</nsComponent>
              <ewComponent>22.31</ewComponent>
            </pga>
            <infoStatus>observe</infoStatus>
            <waveImageURI>https://scweb.cwb.gov.tw/webdata/drawTrace/outcome/2017/2017041/3-EGC.gif</waveImageURI>
          </eqStation>
          <eqStation>
            <stationName>紅葉</stationName>
            <stationCode>EHY</stationCode>
            <stationLon unit="度">121.33</stationLon>
            <stationLat unit="度">23.50</stationLat>
            <distance unit="公里">24.62</distance>
            <azimuth unit="度">73.45</azimuth>
            <stationIntensity unit="級">3</stationIntensity>
            <pga unit="gal">
              <vComponent>4.37</vComponent>
              <nsComponent>11.25</nsComponent>
              <ewComponent>8.13</ewComponent>
            </pga>
            <infoStatus>observe</infoStatus>
            <waveImageURI>https://scweb.cwb.gov.tw/webdata/drawTrace/outcome/2017/2017041/3-EHY.gif</waveImageURI>
          </eqStation>
          <eqStation>
            <stationName>壽豐</stationName>
            <stationCode>ESF</stationCode>
            <stationLon unit="度">121.51</stationLon>
            <stationLat unit="度">23.87</stationLat>
            <distance unit="公里">34.11</distance>
            <azimuth unit="度">171.08</azimuth>
            <stationIntensity unit="級">3</stationIntensity>
          </eqStation>
          <eqStation>
            <stationName>西林</stationName>
            <stationCode>ESL</stationCode>
            <stationLon unit="度">121.44</stationLon>
            <stationLat unit="度">23.81</stationLat>
            <distance unit="公里">29.69</distance>
            <azimuth unit="度">156.16</azimuth>
            <stationIntensity unit="級">2</stationIntensity>
            <pga unit="gal">
              <vComponent>3.35</vComponent>
              <nsComponent>6.46</nsComponent>
              <ewComponent>7.54</ewComponent>
            </pga>
            <infoStatus>observe</infoStatus>
            <waveImageURI>https://scweb.cwb.gov.tw/webdata/drawTrace/outcome/2017/2017041/2-ESL.gif</waveImageURI>
          </eqStation>
          <eqStation>
            <stationName>鹽寮</stationName>
            <stationCode>EYL</stationCode>
            <stationLon unit="度">121.60</stationLon>
            <stationLat unit="度">23.90</stationLat>
            <distance unit="公里">37.61</distance>
            <azimuth unit="度">186.67</azimuth>
            <stationIntensity unit="級">2</stationIntensity>
            <pga unit="gal">
              <vComponent>2.57</vComponent>
              <nsComponent>6.52</nsComponent>
              <ewComponent>5.62</ewComponent>
            </pga>
            <infoStatus>observe</infoStatus>
            <waveImageURI>https://scweb.cwb.gov.tw/webdata/drawTrace/outcome/2017/2017041/2-EYL.gif</waveImageURI>
          </eqStation>
          <eqStation>
            <stationName>銅門</stationName>
            <stationCode>ETM</stationCode>
            <stationLon unit="度">121.49</stationLon>
            <stationLat unit="度">23.97</stationLat>
            <distance unit="公里">44.73</distance>
            <azimuth unit="度">171.30</azimuth>
            <stationIntensity unit="級">2</stationIntensity>
            <pga unit="gal">
              <vComponent>3.11</vComponent>
              <nsComponent>4.13</nsComponent>
              <ewComponent>4.96</ewComponent>
            </pga>
            <infoStatus>observe</infoStatus>
            <waveImageURI>https://scweb.cwb.gov.tw/webdata/drawTrace/outcome/2017/2017041/2-ETM.gif</waveImageURI>
          </eqStation>
          <eqStation>
            <stationName>吉安</stationName>
            <stationCode>EGA</stationCode>
            <stationLon unit="度">121.56</stationLon>
            <stationLat unit="度">23.97</stationLat>
            <distance unit="公里">45.05</distance>
            <azimuth unit="度">180.46</azimuth>
            <stationIntensity unit="級">2</stationIntensity>
            <pga unit="gal">
              <vComponent>2.39</vComponent>
              <nsComponent>2.21</nsComponent>
              <ewComponent>2.51</ewComponent>
            </pga>
            <infoStatus>observe</infoStatus>
            <waveImageURI>https://scweb.cwb.gov.tw/webdata/drawTrace/outcome/2017/2017041/2-EGA.gif</waveImageURI>
          </eqStation>
          <eqStation>
            <stationName>花蓮市</stationName>
            <stationCode>HWA</stationCode>
            <stationLon unit="度">121.61</stationLon>
            <stationLat unit="度">23.98</stationLat>
            <distance unit="公里">45.63</distance>
            <azimuth unit="度">186.97</azimuth>
            <stationIntensity unit="級">2</stationIntensity>
            <pga unit="gal">
              <vComponent>1.85</vComponent>
              <nsComponent>3.35</nsComponent>
              <ewComponent>3.65</ewComponent>
            </pga>
            <infoStatus>observe</infoStatus>
            <waveImageURI>https://scweb.cwb.gov.tw/webdata/drawTrace/outcome/2017/2017041/2-HWA.gif</waveImageURI>
          </eqStation>
          <eqStation>
            <stationName>太魯閣</stationName>
            <stationCode>ETL</stationCode>
            <stationLon unit="度">121.62</stationLon>
            <stationLat unit="度">24.16</stationLat>
            <distance unit="公里">65.92</distance>
            <azimuth unit="度">185.66</azimuth>
            <stationIntensity unit="級">2</stationIntensity>
            <pga unit="gal">
              <vComponent>0.78</vComponent>
              <nsComponent>2.99</nsComponent>
              <ewComponent>2.69</ewComponent>
            </pga>
            <infoStatus>observe</infoStatus>
            <waveImageURI>https://scweb.cwb.gov.tw/webdata/drawTrace/outcome/2017/2017041/2-ETL.gif</waveImageURI>
          </eqStation>
          <eqStation>
            <stationName>玉里</stationName>
            <stationCode>TWF1</stationCode>
            <stationLon unit="度">121.31</stationLon>
            <stationLat unit="度">23.35</stationLat>
            <distance unit="公里">35.31</distance>
            <azimuth unit="度">47.26</azimuth>
            <stationIntensity unit="級">1</stationIntensity>
            <pga unit="gal">
              <vComponent>1.38</vComponent>
              <nsComponent>1.61</nsComponent>
              <ewComponent>1.56</ewComponent>
            </pga>
            <infoStatus>observe</infoStatus>
            <waveImageURI>https://scweb.cwb.gov.tw/webdata/drawTrace/outcome/2017/2017041/1-TWF1.gif</waveImageURI>
          </eqStation>
        </shakingArea>
        <shakingArea>
          <areaDesc>臺東縣地區</areaDesc>
          <areaName>臺東縣</areaName>
          <areaIntensity unit="級">3</areaIntensity>
          <infoStatus>observe</infoStatus>
          <eqStation>
            <stationName>長濱</stationName>
            <stationCode>ECB</stationCode>
            <stationLon unit="度">121.45</stationLon>
            <stationLat unit="度">23.32</stationLat>
            <distance unit="公里">29.92</distance>
            <azimuth unit="度">21.63</azimuth>
            <stationIntensity unit="級">3</stationIntensity>
            <pga unit="gal">
              <vComponent>4.37</vComponent>
              <nsComponent>15.55</nsComponent>
              <ewComponent>17.47</ewComponent>
            </pga>
            <infoStatus>observe</infoStatus>
            <waveImageURI>https://scweb.cwb.gov.tw/webdata/drawTrace/outcome/2017/2017041/3-ECB.gif</waveImageURI>
          </eqStation>
          <eqStation>
            <stationName>成功</stationName>
            <stationCode>CHK</stationCode>
            <stationLon unit="度">121.37</stationLon>
            <stationLat unit="度">23.10</stationLat>
            <distance unit="公里">55.44</distance>
            <azimuth unit="度">20.10</azimuth>
            <stationIntensity unit="級">3</stationIntensity>
            <pga unit="gal">
              <vComponent>2.93</vComponent>
              <nsComponent>9.57</nsComponent>
              <ewComponent>10.41</ewComponent>
            </pga>
            <infoStatus>observe</infoStatus>
            <waveImageURI>https://scweb.cwb.gov.tw/webdata/drawTrace/outcome/2017/2017041/3-CHK.gif</waveImageURI>
          </eqStation>
          <eqStation>
            <stationName>池上</stationName>
            <stationCode>ECS</stationCode>
            <stationLon unit="度">121.22</stationLon>
            <stationLat unit="度">23.10</stationLat>
            <distance unit="公里">62.82</distance>
            <azimuth unit="度">33.60</azimuth>
            <stationIntensity unit="級">2</stationIntensity>
            <pga unit="gal">
              <vComponent>1.44</vComponent>
              <nsComponent>2.51</nsComponent>
              <ewComponent>2.39</ewComponent>
            </pga>
            <infoStatus>observe</infoStatus>
            <waveImageURI>https://scweb.cwb.gov.tw/webdata/drawTrace/outcome/2017/2017041/2-ECS.gif</waveImageURI>
          </eqStation>
          <eqStation>
            <stationName>東河</stationName>
            <stationCode>EDH</stationCode>
            <stationLon unit="度">121.30</stationLon>
            <stationLat unit="度">22.97</stationLat>
            <distance unit="公里">70.98</distance>
            <azimuth unit="度">21.51</azimuth>
            <stationIntensity unit="級">2</stationIntensity>
            <pga unit="gal">
              <vComponent>2.15</vComponent>
              <nsComponent>5.98</nsComponent>
              <ewComponent>4.25</ewComponent>
            </pga>
            <infoStatus>observe</infoStatus>
            <waveImageURI>https://scweb.cwb.gov.tw/webdata/drawTrace/outcome/2017/2017041/2-EDH.gif</waveImageURI>
          </eqStation>
          <eqStation>
            <stationName>利稻</stationName>
            <stationCode>ELD</stationCode>
            <stationLon unit="度">121.03</stationLon>
            <stationLat unit="度">23.19</stationLat>
            <distance unit="公里">68.97</distance>
            <azimuth unit="度">52.32</azimuth>
            <stationIntensity unit="級">1</stationIntensity>
            <pga unit="gal">
              <vComponent>1.08</vComponent>
              <nsComponent>1.73</nsComponent>
              <ewComponent>1.61</ewComponent>
            </pga>
            <infoStatus>observe</infoStatus>
            <waveImageURI>https://scweb.cwb.gov.tw/webdata/drawTrace/outcome/2017/2017041/1-ELD.gif</waveImageURI>
          </eqStation>
          <eqStation>
            <stationName>蘭嶼</stationName>
            <stationCode>LAY</stationCode>
            <stationLon unit="度">121.56</stationLon>
            <stationLat unit="度">22.04</stationLat>
            <distance unit="公里">169.69</distance>
            <azimuth unit="度">0.03</azimuth>
            <stationIntensity unit="級">1</stationIntensity>
            <pga unit="gal">
              <vComponent>0.30</vComponent>
              <nsComponent>1.08</nsComponent>
              <ewComponent>0.96</ewComponent>
            </pga>
            <infoStatus>observe</infoStatus>
            <waveImageURI>https://scweb.cwb.gov.tw/webdata/drawTrace/outcome/2017/2017041/1-LAY.gif</waveImageURI>
          </eqStation>
        </shakingArea>
        <shakingArea>
          <areaDesc>彰化縣地區</areaDesc>
          <areaName>彰化縣</areaName>
          <areaIntensity unit="級">3</areaIntensity>
          <infoStatus>observe</infoStatus>
          <eqStation>
            <stationName>彰化市</stationName>
            <stationCode>WCH</stationCode>
            <stationLon unit="度">120.56</stationLon>
            <stationLat unit="度">24.08</stationLat>
            <distance unit="公里">117.00</distance>
            <azimuth unit="度">119.21</azimuth>
            <stationIntensity unit="級">3</stationIntensity>
            <pga unit="gal">
              <vComponent>1.91</vComponent>
              <nsComponent>8.43</nsComponent>
              <ewComponent>4.43</ewComponent>
            </pga>
            <infoStatus>observe</infoStatus>
            <waveImageURI>https://scweb.cwb.gov.tw/webdata/drawTrace/outcome/2017/2017041/3-WCH.gif</waveImageURI>
          </eqStation>
          <eqStation>
            <stationName>員林</stationName>
            <stationCode>WYL</stationCode>
            <stationLon unit="度">120.58</stationLon>
            <stationLat unit="度">23.96</stationLat>
            <distance unit="公里">108.93</distance>
            <azimuth unit="度">113.63</azimuth>
            <stationIntensity unit="級">2</stationIntensity>
            <pga unit="gal">
              <vComponent>2.03</vComponent>
              <nsComponent>3.29</nsComponent>
              <ewComponent>2.33</ewComponent>
            </pga>
            <infoStatus>observe</infoStatus>
            <waveImageURI>https://scweb.cwb.gov.tw/webdata/drawTrace/outcome/2017/2017041/2-WYL.gif</waveImageURI>
          </eqStation>
          <eqStation>
            <stationName>二水</stationName>
            <stationCode>WES</stationCode>
            <stationLon unit="度">120.62</stationLon>
            <stationLat unit="度">23.81</stationLat>
            <distance unit="公里">99.75</distance>
            <azimuth unit="度">105.75</azimuth>
            <stationIntensity unit="級">1</stationIntensity>
            <pga unit="gal">
              <vComponent>0.96</vComponent>
              <nsComponent>1.50</nsComponent>
              <ewComponent>1.79</ewComponent>
            </pga>
            <infoStatus>observe</infoStatus>
            <waveImageURI>https://scweb.cwb.gov.tw/webdata/drawTrace/outcome/2017/2017041/1-WES.gif</waveImageURI>
          </eqStation>
          <eqStation>
            <stationName>大城</stationName>
            <stationCode>WTC</stationCode>
            <stationLon unit="度">120.29</stationLon>
            <stationLat unit="度">23.86</stationLat>
            <distance unit="公里">133.57</distance>
            <azimuth unit="度">104.16</azimuth>
            <stationIntensity unit="級">1</stationIntensity>
            <pga unit="gal">
              <vComponent>1.08</vComponent>
              <nsComponent>2.39</nsComponent>
              <ewComponent>2.27</ewComponent>
            </pga>
            <infoStatus>observe</infoStatus>
            <waveImageURI>https://scweb.cwb.gov.tw/webdata/drawTrace/outcome/2017/2017041/1-WTC.gif</waveImageURI>
          </eqStation>
        </shakingArea>
        <shakingArea>
          <areaDesc>南投縣地區</areaDesc>
          <areaName>南投縣</areaName>
          <areaIntensity unit="級">2</areaIntensity>
          <infoStatus>observe</infoStatus>
          <eqStation>
            <stationName>合歡山</stationName>
            <stationCode>WHF</stationCode>
            <stationLon unit="度">121.27</stationLon>
            <stationLat unit="度">24.14</stationLat>
            <distance unit="公里">70.31</distance>
            <azimuth unit="度">155.46</azimuth>
            <stationIntensity unit="級">2</stationIntensity>
            <pga unit="gal">
              <vComponent>0.90</vComponent>
              <nsComponent>2.51</nsComponent>
              <ewComponent>3.59</ewComponent>
            </pga>
            <infoStatus>observe</infoStatus>
            <waveImageURI>https://scweb.cwb.gov.tw/webdata/drawTrace/outcome/2017/2017041/2-WHF.gif</waveImageURI>
          </eqStation>
          <eqStation>
            <stationName>日月潭</stationName>
            <stationCode>SML</stationCode>
            <stationLon unit="度">120.91</stationLon>
            <stationLat unit="度">23.88</stationLat>
            <distance unit="公里">74.98</distance>
            <azimuth unit="度">117.73</azimuth>
            <stationIntensity unit="級">2</stationIntensity>
            <pga unit="gal">
              <vComponent>0.96</vComponent>
              <nsComponent>1.85</nsComponent>
              <ewComponent>2.63</ewComponent>
            </pga>
            <infoStatus>observe</infoStatus>
            <waveImageURI>https://scweb.cwb.gov.tw/webdata/drawTrace/outcome/2017/2017041/2-SML.gif</waveImageURI>
          </eqStation>
          <eqStation>
            <stationName>名間</stationName>
            <stationCode>WNT</stationCode>
            <stationLon unit="度">120.69</stationLon>
            <stationLat unit="度">23.88</stationLat>
            <distance unit="公里">94.81</distance>
            <azimuth unit="度">111.25</azimuth>
            <stationIntensity unit="級">1</stationIntensity>
            <pga unit="gal">
              <vComponent>0.78</vComponent>
              <nsComponent>1.20</nsComponent>
              <ewComponent>1.14</ewComponent>
            </pga>
            <infoStatus>observe</infoStatus>
            <waveImageURI>https://scweb.cwb.gov.tw/webdata/drawTrace/outcome/2017/2017041/1-WNT.gif</waveImageURI>
          </eqStation>
          <eqStation>
            <stationName>南投市</stationName>
            <stationCode>WNT1</stationCode>
            <stationLon unit="度">120.68</stationLon>
            <stationLat unit="度">23.91</stationLat>
            <distance unit="公里">97.23</distance>
            <azimuth unit="度">112.81</azimuth>
            <stationIntensity unit="級">1</stationIntensity>
            <pga unit="gal">
              <vComponent>0.84</vComponent>
              <nsComponent>0.84</nsComponent>
              <ewComponent>0.84</ewComponent>
            </pga>
            <infoStatus>observe</infoStatus>
            <waveImageURI>https://scweb.cwb.gov.tw/webdata/drawTrace/outcome/2017/2017041/1-WNT1.gif</waveImageURI>
          </eqStation>
        </shakingArea>
        <shakingArea>
          <areaDesc>臺中市地區</areaDesc>
          <areaName>臺中市</areaName>
          <areaIntensity unit="級">2</areaIntensity>
          <infoStatus>observe</infoStatus>
          <eqStation>
            <stationName>大肚</stationName>
            <stationCode>WDD</stationCode>
            <stationLon unit="度">120.56</stationLon>
            <stationLat unit="度">24.13</stationLat>
            <distance unit="公里">119.96</distance>
            <azimuth unit="度">121.67</azimuth>
            <stationIntensity unit="級">2</stationIntensity>
            <pga unit="gal">
              <vComponent>1.50</vComponent>
              <nsComponent>2.81</nsComponent>
              <ewComponent>2.87</ewComponent>
            </pga>
            <infoStatus>observe</infoStatus>
            <waveImageURI>https://scweb.cwb.gov.tw/webdata/drawTrace/outcome/2017/2017041/2-WDD.gif</waveImageURI>
          </eqStation>
          <eqStation>
            <stationName>德基</stationName>
            <stationCode>TWT</stationCode>
            <stationLon unit="度">121.16</stationLon>
            <stationLat unit="度">24.25</stationLat>
            <distance unit="公里">85.82</distance>
            <azimuth unit="度">151.85</azimuth>
            <stationIntensity unit="級">1</stationIntensity>
            <pga unit="gal">
              <vComponent>1.20</vComponent>
              <nsComponent>1.50</nsComponent>
              <ewComponent>1.50</ewComponent>
            </pga>
            <infoStatus>observe</infoStatus>
            <waveImageURI>https://scweb.cwb.gov.tw/webdata/drawTrace/outcome/2017/2017041/1-TWT.gif</waveImageURI>
          </eqStation>
          <eqStation>
            <stationName>霧峰</stationName>
            <stationCode>WWF</stationCode>
            <stationLon unit="度">120.70</stationLon>
            <stationLat unit="度">24.04</stationLat>
            <distance unit="公里">102.37</distance>
            <azimuth unit="度">121.04</azimuth>
            <stationIntensity unit="級">1</stationIntensity>
            <pga unit="gal">
              <vComponent>0.78</vComponent>
              <nsComponent>1.14</nsComponent>
              <ewComponent>1.50</ewComponent>
            </pga>
            <infoStatus>observe</infoStatus>
            <waveImageURI>https://scweb.cwb.gov.tw/webdata/drawTrace/outcome/2017/2017041/1-WWF.gif</waveImageURI>
          </eqStation>
          <eqStation>
            <stationName>東勢</stationName>
            <stationCode>WDS</stationCode>
            <stationLon unit="度">120.83</stationLon>
            <stationLat unit="度">24.26</stationLat>
            <distance unit="公里">106.72</distance>
            <azimuth unit="度">135.96</azimuth>
            <stationIntensity unit="級">1</stationIntensity>
            <pga unit="gal">
              <vComponent>1.20</vComponent>
              <nsComponent>0.84</nsComponent>
              <ewComponent>1.08</ewComponent>
            </pga>
            <infoStatus>observe</infoStatus>
            <waveImageURI>https://scweb.cwb.gov.tw/webdata/drawTrace/outcome/2017/2017041/1-WDS.gif</waveImageURI>
          </eqStation>
          <eqStation>
            <stationName>臺中市</stationName>
            <stationCode>TCU</stationCode>
            <stationLon unit="度">120.68</stationLon>
            <stationLat unit="度">24.15</stationLat>
            <distance unit="公里">109.85</distance>
            <azimuth unit="度">125.77</azimuth>
            <stationIntensity unit="級">1</stationIntensity>
            <pga unit="gal">
              <vComponent>0.66</vComponent>
              <nsComponent>2.03</nsComponent>
              <ewComponent>2.27</ewComponent>
            </pga>
            <infoStatus>observe</infoStatus>
            <waveImageURI>https://scweb.cwb.gov.tw/webdata/drawTrace/outcome/2017/2017041/1-TCU.gif</waveImageURI>
          </eqStation>
          <eqStation>
            <stationName>外埔</stationName>
            <stationCode>WYP</stationCode>
            <stationLon unit="度">120.65</stationLon>
            <stationLat unit="度">24.33</stationLat>
            <distance unit="公里">125.41</distance>
            <azimuth unit="度">132.68</azimuth>
            <stationIntensity unit="級">1</stationIntensity>
            <pga unit="gal">
              <vComponent>0.30</vComponent>
              <nsComponent>0.96</nsComponent>
              <ewComponent>0.42</ewComponent>
            </pga>
            <infoStatus>observe</infoStatus>
            <waveImageURI>https://scweb.cwb.gov.tw/webdata/drawTrace/outcome/2017/2017041/1-WYP.gif</waveImageURI>
          </eqStation>
        </shakingArea>
        <shakingArea>
          <areaDesc>嘉義縣地區</areaDesc>
          <areaName>嘉義縣</areaName>
          <areaIntensity unit="級">1</areaIntensity>
          <infoStatus>observe</infoStatus>
          <eqStation>
            <stationName>阿里山</stationName>
            <stationCode>ALS</stationCode>
            <stationLon unit="度">120.81</stationLon>
            <stationLat unit="度">23.51</stationLat>
            <distance unit="公里">76.43</distance>
            <azimuth unit="度">85.11</azimuth>
            <stationIntensity unit="級">1</stationIntensity>
            <pga unit="gal">
              <vComponent>0.96</vComponent>
              <nsComponent>1.14</nsComponent>
              <ewComponent>1.08</ewComponent>
            </pga>
            <infoStatus>observe</infoStatus>
            <waveImageURI>https://scweb.cwb.gov.tw/webdata/drawTrace/outcome/2017/2017041/1-ALS.gif</waveImageURI>
          </eqStation>
        </shakingArea>
        <shakingArea>
          <areaDesc>雲林縣地區</areaDesc>
          <areaName>雲林縣</areaName>
          <areaIntensity unit="級">1</areaIntensity>
          <infoStatus>observe</infoStatus>
          <eqStation>
            <stationName>草嶺</stationName>
            <stationCode>CHN5</stationCode>
            <stationLon unit="度">120.68</stationLon>
            <stationLat unit="度">23.60</stationLat>
            <distance unit="公里">90.07</distance>
            <azimuth unit="度">92.14</azimuth>
            <stationIntensity unit="級">1</stationIntensity>
            <pga unit="gal">
              <vComponent>0.48</vComponent>
              <nsComponent>1.26</nsComponent>
              <ewComponent>1.61</ewComponent>
            </pga>
            <infoStatus>observe</infoStatus>
            <waveImageURI>https://scweb.cwb.gov.tw/webdata/drawTrace/outcome/2017/2017041/1-CHN5.gif</waveImageURI>
          </eqStation>
          <eqStation>
            <stationName>古坑</stationName>
            <stationCode>WGK</stationCode>
            <stationLon unit="度">120.57</stationLon>
            <stationLat unit="度">23.68</stationLat>
            <distance unit="公里">101.73</distance>
            <azimuth unit="度">97.36</azimuth>
            <stationIntensity unit="級">1</stationIntensity>
            <pga unit="gal">
              <vComponent>0.84</vComponent>
              <nsComponent>1.38</nsComponent>
              <ewComponent>1.97</ewComponent>
            </pga>
            <infoStatus>observe</infoStatus>
            <waveImageURI>https://scweb.cwb.gov.tw/webdata/drawTrace/outcome/2017/2017041/1-WGK.gif</waveImageURI>
          </eqStation>
          <eqStation>
            <stationName>斗六市</stationName>
            <stationCode>WDL</stationCode>
            <stationLon unit="度">120.54</stationLon>
            <stationLat unit="度">23.72</stationLat>
            <distance unit="公里">105.41</distance>
            <azimuth unit="度">98.96</azimuth>
            <stationIntensity unit="級">1</stationIntensity>
            <pga unit="gal">
              <vComponent>0.84</vComponent>
              <nsComponent>1.26</nsComponent>
              <ewComponent>1.67</ewComponent>
            </pga>
            <infoStatus>observe</infoStatus>
            <waveImageURI>https://scweb.cwb.gov.tw/webdata/drawTrace/outcome/2017/2017041/1-WDL.gif</waveImageURI>
          </eqStation>
        </shakingArea>
        <shakingArea>
          <areaDesc>高雄市地區</areaDesc>
          <areaName>高雄市</areaName>
          <areaIntensity unit="級">1</areaIntensity>
          <infoStatus>observe</infoStatus>
          <eqStation>
            <stationName>桃源</stationName>
            <stationCode>STY</stationCode>
            <stationLon unit="度">120.77</stationLon>
            <stationLat unit="度">23.16</stationLat>
            <distance unit="公里">92.79</distance>
            <azimuth unit="度">60.94</azimuth>
            <stationIntensity unit="級">1</stationIntensity>
            <pga unit="gal">
              <vComponent>0.48</vComponent>
              <nsComponent>1.26</nsComponent>
              <ewComponent>0.72</ewComponent>
            </pga>
            <infoStatus>observe</infoStatus>
            <waveImageURI>https://scweb.cwb.gov.tw/webdata/drawTrace/outcome/2017/2017041/1-STY.gif</waveImageURI>
          </eqStation>
        </shakingArea>
        <shakingArea>
          <areaDesc>宜蘭縣地區</areaDesc>
          <areaName>宜蘭縣</areaName>
          <areaIntensity unit="級">1</areaIntensity>
          <infoStatus>observe</infoStatus>
          <eqStation>
            <stationName>南澳</stationName>
            <stationCode>ENA</stationCode>
            <stationLon unit="度">121.75</stationLon>
            <stationLat unit="度">24.43</stationLat>
            <distance unit="公里">97.23</distance>
            <azimuth unit="度">191.46</azimuth>
            <stationIntensity unit="級">1</stationIntensity>
            <pga unit="gal">
              <vComponent>0.72</vComponent>
              <nsComponent>1.50</nsComponent>
              <ewComponent>1.50</ewComponent>
            </pga>
            <infoStatus>observe</infoStatus>
            <waveImageURI>https://scweb.cwb.gov.tw/webdata/drawTrace/outcome/2017/2017041/1-ENA.gif</waveImageURI>
          </eqStation>
          <eqStation>
            <stationName>南山</stationName>
            <stationCode>NNS</stationCode>
            <stationLon unit="度">121.38</stationLon>
            <stationLat unit="度">24.44</stationLat>
            <distance unit="公里">98.27</distance>
            <azimuth unit="度">169.39</azimuth>
            <stationIntensity unit="級">1</stationIntensity>
            <pga unit="gal">
              <vComponent>0.54</vComponent>
              <nsComponent>1.02</nsComponent>
              <ewComponent>1.38</ewComponent>
            </pga>
            <infoStatus>observe</infoStatus>
            <waveImageURI>https://scweb.cwb.gov.tw/webdata/drawTrace/outcome/2017/2017041/1-NNS.gif</waveImageURI>
          </eqStation>
          <eqStation>
            <stationName>牛鬥</stationName>
            <stationCode>ENT</stationCode>
            <stationLon unit="度">121.57</stationLon>
            <stationLat unit="度">24.64</stationLat>
            <distance unit="公里">118.77</distance>
            <azimuth unit="度">180.71</azimuth>
            <stationIntensity unit="級">1</stationIntensity>
            <pga unit="gal">
              <vComponent>0.24</vComponent>
              <nsComponent>1.02</nsComponent>
              <ewComponent>0.96</ewComponent>
            </pga>
            <infoStatus>observe</infoStatus>
            <waveImageURI>https://scweb.cwb.gov.tw/webdata/drawTrace/outcome/2017/2017041/1-ENT.gif</waveImageURI>
          </eqStation>
          <eqStation>
            <stationName>內城</stationName>
            <stationCode>TWE</stationCode>
            <stationLon unit="度">121.68</stationLon>
            <stationLat unit="度">24.72</stationLat>
            <distance unit="公里">128.35</distance>
            <azimuth unit="度">185.62</azimuth>
            <stationIntensity unit="級">1</stationIntensity>
          </eqStation>
          <eqStation>
            <stationName>宜蘭市</stationName>
            <stationCode>ILA</stationCode>
            <stationLon unit="度">121.76</stationLon>
            <stationLat unit="度">24.76</stationLat>
            <distance unit="公里">134.26</distance>
            <azimuth unit="度">188.58</azimuth>
            <stationIntensity unit="級">1</stationIntensity>
          </eqStation>
        </shakingArea>
        <shakingArea>
          <areaDesc>嘉義市地區</areaDesc>
          <areaName>嘉義市</areaName>
          <areaIntensity unit="級">1</areaIntensity>
          <infoStatus>observe</infoStatus>
          <eqStation>
            <stationName>嘉義市</stationName>
            <stationCode>CHY</stationCode>
            <stationLon unit="度">120.43</stationLon>
            <stationLat unit="度">23.50</stationLat>
            <distance unit="公里">115.28</distance>
            <azimuth unit="度">86.08</azimuth>
            <stationIntensity unit="級">1</stationIntensity>
            <pga unit="gal">
              <vComponent>0.30</vComponent>
              <nsComponent>1.08</nsComponent>
              <ewComponent>0.96</ewComponent>
            </pga>
            <infoStatus>observe</infoStatus>
            <waveImageURI>https://scweb.cwb.gov.tw/webdata/drawTrace/outcome/2017/2017041/1-CHY.gif</waveImageURI>
          </eqStation>
        </shakingArea>
        <shakingArea>
          <areaDesc>苗栗縣地區</areaDesc>
          <areaName>苗栗縣</areaName>
          <areaIntensity unit="級">1</areaIntensity>
          <infoStatus>observe</infoStatus>
          <eqStation>
            <stationName>鯉魚潭</stationName>
            <stationCode>TWQ1</stationCode>
            <stationLon unit="度">120.78</stationLon>
            <stationLat unit="度">24.35</stationLat>
            <distance unit="公里">117.28</distance>
            <azimuth unit="度">137.51</azimuth>
            <stationIntensity unit="級">1</stationIntensity>
            <pga unit="gal">
              <vComponent>0.66</vComponent>
              <nsComponent>1.20</nsComponent>
              <ewComponent>1.79</ewComponent>
            </pga>
            <infoStatus>observe</infoStatus>
            <waveImageURI>https://scweb.cwb.gov.tw/webdata/drawTrace/outcome/2017/2017041/1-TWQ1.gif</waveImageURI>
          </eqStation>
        </shakingArea>
        <shakingArea>
          <areaDesc>最大震度3級地區</areaDesc>
          <areaName>花蓮縣、臺東縣、彰化縣</areaName>
          <areaIntensity unit="級">3</areaIntensity>
        </shakingArea>
        <shakingArea>
          <areaDesc>最大震度2級地區</areaDesc>
          <areaName>南投縣、臺中市</areaName>
          <areaIntensity unit="級">2</areaIntensity>
        </shakingArea>
        <shakingArea>
          <areaDesc>最大震度1級地區</areaDesc>
          <areaName>嘉義縣、雲林縣、高雄市、宜蘭縣、嘉義市、苗栗縣</areaName>
          <areaIntensity unit="級">1</areaIntensity>
        </shakingArea>
      </intensity>
      <reportRemark>嘉義縣、雲林縣、高雄市、宜蘭縣、嘉義市、苗栗縣</reportRemark>
    </earthquake>
  </dataset>
</cwbopendata>