﻿<?xml version="1.0" encoding="UTF-8" ?>
<cwbopendata xmlns="urn:cwb:gov:tw:cwbcommon:0.1">
  <identifier>CWB-EQ106040-2017-0911-102541</identifier>
  <sender>CWB_SC@scman.cwb.gov.tw</sender>
  <sent>2018-09-10T18:14:26+08:00</sent>
  <status>Actual</status>
  <msgType>Issue</msgType>
  <source>CWB</source>
  <scope>Public</scope>
  <dataset>
    <datasetInfo>
      <datasetDescription>地震報告</datasetDescription>
      <datasetLanguage>zh-TW</datasetLanguage>
      <issueTime>2018-09-10T18:14:26+08:00</issueTime>
      <validTime><endTime>2018-09-11T02:14:26+08:00</endTime></validTime>
    </datasetInfo>
    <earthquake>
      <reportType>地震報告</reportType>
      <earthquakeNo>106040</earthquakeNo>
      <reportContent>09/11-10:25臺灣東部海域發生規模4.7有感地震，最大震度宜蘭縣南澳3級。</reportContent>
      <reportColor>綠色</reportColor>
      <web>https://scweb.cwb.gov.tw/GraphicContent.aspx?ItemId=49&amp;fileString=2017091110254147040</web>
      <reportImageURI>https://scweb.cwb.gov.tw/webdata/OLDEQ/201709/2017091110254147040.gif</reportImageURI>
      <shakemapImageURI>https://scweb.cwb.gov.tw/webdata/drawTrace/plotContour/2017/2017040.gif</shakemapImageURI>
      <earthquakeInfo>
        <originTime>2017-09-11T10:25:41+08:00</originTime>
        <epicenter>
          <epicenterLon unit="度">122.06</epicenterLon>
          <epicenterLat unit="度">24.77</epicenterLat>
          <location>宜蘭縣政府東方  30.5  公里 (位於臺灣東部海域)</location>
        </epicenter>
        <depth unit="公里">70.5</depth>
        <magnitude>
          <magnitudeType>芮氏規模</magnitudeType>
          <magnitudeValue>4.7</magnitudeValue>
        </magnitude>
        <source>中央氣象局</source>
      </earthquakeInfo>
      <intensity>
        <shakingArea>
          <areaDesc>宜蘭縣地區</areaDesc>
          <areaName>宜蘭縣</areaName>
          <areaIntensity unit="級">3</areaIntensity>
          <infoStatus>observe</infoStatus>
          <eqStation>
            <stationName>南澳</stationName>
            <stationCode>ENA</stationCode>
            <stationLon unit="度">121.75</stationLon>
            <stationLat unit="度">24.43</stationLat>
            <distance unit="公里">49.79</distance>
            <azimuth unit="度">39.37</azimuth>
            <stationIntensity unit="級">3</stationIntensity>
            <pga unit="gal">
              <vComponent>2.93</vComponent>
              <nsComponent>8.49</nsComponent>
              <ewComponent>7.06</ewComponent>
            </pga>
            <infoStatus>observe</infoStatus>
            <waveImageURI>https://scweb.cwb.gov.tw/webdata/drawTrace/outcome/2017/2017040/3-ENA.gif</waveImageURI>
          </eqStation>
          <eqStation>
            <stationName>羅東</stationName>
            <stationCode>NLD</stationCode>
            <stationLon unit="度">121.77</stationLon>
            <stationLat unit="度">24.67</stationLat>
            <distance unit="公里">31.16</distance>
            <azimuth unit="度">69.27</azimuth>
            <stationIntensity unit="級">2</stationIntensity>
            <pga unit="gal">
              <vComponent>3.53</vComponent>
              <nsComponent>2.09</nsComponent>
              <ewComponent>1.26</ewComponent>
            </pga>
            <infoStatus>observe</infoStatus>
            <waveImageURI>https://scweb.cwb.gov.tw/webdata/drawTrace/outcome/2017/2017040/2-NLD.gif</waveImageURI>
          </eqStation>
          <eqStation>
            <stationName>牛鬥</stationName>
            <stationCode>ENT</stationCode>
            <stationLon unit="度">121.57</stationLon>
            <stationLat unit="度">24.64</stationLat>
            <distance unit="公里">51.53</distance>
            <azimuth unit="度">73.05</azimuth>
            <stationIntensity unit="級">2</stationIntensity>
            <pga unit="gal">
              <vComponent>1.61</vComponent>
              <nsComponent>4.49</nsComponent>
              <ewComponent>3.29</ewComponent>
            </pga>
            <infoStatus>observe</infoStatus>
            <waveImageURI>https://scweb.cwb.gov.tw/webdata/drawTrace/outcome/2017/2017040/2-ENT.gif</waveImageURI>
          </eqStation>
          <eqStation>
            <stationName>南山</stationName>
            <stationCode>NNS</stationCode>
            <stationLon unit="度">121.38</stationLon>
            <stationLat unit="度">24.44</stationLat>
            <distance unit="公里">78.22</distance>
            <azimuth unit="度">61.61</azimuth>
            <stationIntensity unit="級">2</stationIntensity>
            <pga unit="gal">
              <vComponent>0.90</vComponent>
              <nsComponent>2.99</nsComponent>
              <ewComponent>1.56</ewComponent>
            </pga>
            <infoStatus>observe</infoStatus>
            <waveImageURI>https://scweb.cwb.gov.tw/webdata/drawTrace/outcome/2017/2017040/2-NNS.gif</waveImageURI>
          </eqStation>
          <eqStation>
            <stationName>蘇澳</stationName>
            <stationCode>TWC</stationCode>
            <stationLon unit="度">121.86</stationLon>
            <stationLat unit="度">24.61</stationLat>
            <distance unit="公里">27.35</distance>
            <azimuth unit="度">48.15</azimuth>
            <stationIntensity unit="級">1</stationIntensity>
            <pga unit="gal">
              <vComponent>2.09</vComponent>
              <nsComponent>1.79</nsComponent>
              <ewComponent>1.32</ewComponent>
            </pga>
            <infoStatus>observe</infoStatus>
            <waveImageURI>https://scweb.cwb.gov.tw/webdata/drawTrace/outcome/2017/2017040/1-TWC.gif</waveImageURI>
          </eqStation>
        </shakingArea>
        <shakingArea>
          <areaDesc>新北市地區</areaDesc>
          <areaName>新北市</areaName>
          <areaIntensity unit="級">2</areaIntensity>
          <infoStatus>observe</infoStatus>
          <eqStation>
            <stationName>新店</stationName>
            <stationCode>NHD</stationCode>
            <stationLon unit="度">121.55</stationLon>
            <stationLat unit="度">24.90</stationLat>
            <distance unit="公里">53.28</distance>
            <azimuth unit="度">105.67</azimuth>
            <stationIntensity unit="級">2</stationIntensity>
            <pga unit="gal">
              <vComponent>1.14</vComponent>
              <nsComponent>2.99</nsComponent>
              <ewComponent>2.15</ewComponent>
            </pga>
            <infoStatus>observe</infoStatus>
            <waveImageURI>https://scweb.cwb.gov.tw/webdata/drawTrace/outcome/2017/2017040/2-NHD.gif</waveImageURI>
          </eqStation>
          <eqStation>
            <stationName>新北市</stationName>
            <stationCode>BAC</stationCode>
            <stationLon unit="度">121.44</stationLon>
            <stationLat unit="度">25.00</stationLat>
            <distance unit="公里">67.34</distance>
            <azimuth unit="度">111.75</azimuth>
            <stationIntensity unit="級">2</stationIntensity>
            <pga unit="gal">
              <vComponent>2.63</vComponent>
              <nsComponent>1.67</nsComponent>
              <ewComponent>1.20</ewComponent>
            </pga>
            <infoStatus>observe</infoStatus>
            <waveImageURI>https://scweb.cwb.gov.tw/webdata/drawTrace/outcome/2017/2017040/2-BAC.gif</waveImageURI>
          </eqStation>
          <eqStation>
            <stationName>三貂角</stationName>
            <stationCode>TWB1</stationCode>
            <stationLon unit="度">122.00</stationLon>
            <stationLat unit="度">25.01</stationLat>
            <distance unit="公里">26.77</distance>
            <azimuth unit="度">166.10</azimuth>
            <stationIntensity unit="級">1</stationIntensity>
            <pga unit="gal">
              <vComponent>1.32</vComponent>
              <nsComponent>0.96</nsComponent>
              <ewComponent>0.90</ewComponent>
            </pga>
            <infoStatus>observe</infoStatus>
            <waveImageURI>https://scweb.cwb.gov.tw/webdata/drawTrace/outcome/2017/2017040/1-TWB1.gif</waveImageURI>
          </eqStation>
          <eqStation>
            <stationName>貢寮</stationName>
            <stationCode>NGL</stationCode>
            <stationLon unit="度">121.92</stationLon>
            <stationLat unit="度">25.04</stationLat>
            <distance unit="公里">32.61</distance>
            <azimuth unit="度">154.68</azimuth>
            <stationIntensity unit="級">1</stationIntensity>
            <pga unit="gal">
              <vComponent>0.96</vComponent>
              <nsComponent>1.02</nsComponent>
              <ewComponent>0.90</ewComponent>
            </pga>
            <infoStatus>observe</infoStatus>
            <waveImageURI>https://scweb.cwb.gov.tw/webdata/drawTrace/outcome/2017/2017040/1-NGL.gif</waveImageURI>
          </eqStation>
          <eqStation>
            <stationName>坪林</stationName>
            <stationCode>NPL</stationCode>
            <stationLon unit="度">121.71</stationLon>
            <stationLat unit="度">24.94</stationLat>
            <distance unit="公里">39.74</distance>
            <azimuth unit="度">117.55</azimuth>
            <stationIntensity unit="級">1</stationIntensity>
            <pga unit="gal">
              <vComponent>1.91</vComponent>
              <nsComponent>1.67</nsComponent>
              <ewComponent>1.85</ewComponent>
            </pga>
            <infoStatus>observe</infoStatus>
            <waveImageURI>https://scweb.cwb.gov.tw/webdata/drawTrace/outcome/2017/2017040/1-NPL.gif</waveImageURI>
          </eqStation>
          <eqStation>
            <stationName>萬里</stationName>
            <stationCode>NWR</stationCode>
            <stationLon unit="度">121.66</stationLon>
            <stationLat unit="度">25.20</stationLat>
            <distance unit="公里">62.57</distance>
            <azimuth unit="度">139.73</azimuth>
            <stationIntensity unit="級">1</stationIntensity>
            <pga unit="gal">
              <vComponent>0.24</vComponent>
              <nsComponent>1.14</nsComponent>
              <ewComponent>0.72</ewComponent>
            </pga>
            <infoStatus>observe</infoStatus>
            <waveImageURI>https://scweb.cwb.gov.tw/webdata/drawTrace/outcome/2017/2017040/1-NWR.gif</waveImageURI>
          </eqStation>
          <eqStation>
            <stationName>五股</stationName>
            <stationCode>TWS1</stationCode>
            <stationLon unit="度">121.42</stationLon>
            <stationLat unit="度">25.10</stationLat>
            <distance unit="公里">74.01</distance>
            <azimuth unit="度">119.54</azimuth>
            <stationIntensity unit="級">1</stationIntensity>
            <pga unit="gal">
              <vComponent>0.72</vComponent>
              <nsComponent>1.73</nsComponent>
              <ewComponent>1.44</ewComponent>
            </pga>
            <infoStatus>observe</infoStatus>
            <waveImageURI>https://scweb.cwb.gov.tw/webdata/drawTrace/outcome/2017/2017040/1-TWS1.gif</waveImageURI>
          </eqStation>
          <eqStation>
            <stationName>五分山</stationName>
            <stationCode>NWF</stationCode>
            <stationLon unit="度">121.78</stationLon>
            <stationLat unit="度">25.07</stationLat>
            <distance unit="公里">43.61</distance>
            <azimuth unit="度">139.55</azimuth>
            <stationIntensity unit="級">1</stationIntensity>
            <pga unit="gal">
              <vComponent>0.96</vComponent>
              <nsComponent>1.50</nsComponent>
              <ewComponent>1.02</ewComponent>
            </pga>
            <infoStatus>observe</infoStatus>
            <waveImageURI>https://scweb.cwb.gov.tw/webdata/drawTrace/outcome/2017/2017040/1-NWF.gif</waveImageURI>
          </eqStation>
        </shakingArea>
        <shakingArea>
          <areaDesc>花蓮縣地區</areaDesc>
          <areaName>花蓮縣</areaName>
          <areaIntensity unit="級">2</areaIntensity>
          <infoStatus>observe</infoStatus>
          <eqStation>
            <stationName>和平</stationName>
            <stationCode>EHP</stationCode>
            <stationLon unit="度">121.75</stationLon>
            <stationLat unit="度">24.31</stationLat>
            <distance unit="公里">60.52</distance>
            <azimuth unit="度">31.47</azimuth>
            <stationIntensity unit="級">2</stationIntensity>
            <pga unit="gal">
              <vComponent>2.03</vComponent>
              <nsComponent>3.05</nsComponent>
              <ewComponent>2.99</ewComponent>
            </pga>
            <infoStatus>observe</infoStatus>
            <waveImageURI>https://scweb.cwb.gov.tw/webdata/drawTrace/outcome/2017/2017040/2-EHP.gif</waveImageURI>
          </eqStation>
          <eqStation>
            <stationName>太魯閣</stationName>
            <stationCode>ETL</stationCode>
            <stationLon unit="度">121.62</stationLon>
            <stationLat unit="度">24.16</stationLat>
            <distance unit="公里">81.36</distance>
            <azimuth unit="度">33.06</azimuth>
            <stationIntensity unit="級">2</stationIntensity>
            <pga unit="gal">
              <vComponent>0.78</vComponent>
              <nsComponent>3.41</nsComponent>
              <ewComponent>2.57</ewComponent>
            </pga>
            <infoStatus>observe</infoStatus>
            <waveImageURI>https://scweb.cwb.gov.tw/webdata/drawTrace/outcome/2017/2017040/2-ETL.gif</waveImageURI>
          </eqStation>
          <eqStation>
            <stationName>花蓮市</stationName>
            <stationCode>HWA</stationCode>
            <stationLon unit="度">121.61</stationLon>
            <stationLat unit="度">23.98</stationLat>
            <distance unit="公里">99.45</distance>
            <azimuth unit="度">27.15</azimuth>
            <stationIntensity unit="級">1</stationIntensity>
            <pga unit="gal">
              <vComponent>1.02</vComponent>
              <nsComponent>1.14</nsComponent>
              <ewComponent>1.20</ewComponent>
            </pga>
            <infoStatus>observe</infoStatus>
            <waveImageURI>https://scweb.cwb.gov.tw/webdata/drawTrace/outcome/2017/2017040/1-HWA.gif</waveImageURI>
          </eqStation>
          <eqStation>
            <stationName>吉安</stationName>
            <stationCode>EGA</stationCode>
            <stationLon unit="度">121.56</stationLon>
            <stationLat unit="度">23.97</stationLat>
            <distance unit="公里">102.11</distance>
            <azimuth unit="度">29.66</azimuth>
            <stationIntensity unit="級">1</stationIntensity>
            <pga unit="gal">
              <vComponent>0.72</vComponent>
              <nsComponent>0.84</nsComponent>
              <ewComponent>0.72</ewComponent>
            </pga>
            <infoStatus>observe</infoStatus>
            <waveImageURI>https://scweb.cwb.gov.tw/webdata/drawTrace/outcome/2017/2017040/1-EGA.gif</waveImageURI>
          </eqStation>
          <eqStation>
            <stationName>銅門</stationName>
            <stationCode>ETM</stationCode>
            <stationLon unit="度">121.49</stationLon>
            <stationLat unit="度">23.97</stationLat>
            <distance unit="公里">106.50</distance>
            <azimuth unit="度">32.76</azimuth>
            <stationIntensity unit="級">1</stationIntensity>
            <pga unit="gal">
              <vComponent>0.84</vComponent>
              <nsComponent>1.26</nsComponent>
              <ewComponent>1.20</ewComponent>
            </pga>
            <infoStatus>observe</infoStatus>
            <waveImageURI>https://scweb.cwb.gov.tw/webdata/drawTrace/outcome/2017/2017040/1-ETM.gif</waveImageURI>
          </eqStation>
          <eqStation>
            <stationName>鹽寮</stationName>
            <stationCode>EYL</stationCode>
            <stationLon unit="度">121.60</stationLon>
            <stationLat unit="度">23.90</stationLat>
            <distance unit="公里">107.08</distance>
            <azimuth unit="度">25.77</azimuth>
            <stationIntensity unit="級">1</stationIntensity>
            <pga unit="gal">
              <vComponent>0.66</vComponent>
              <nsComponent>1.14</nsComponent>
              <ewComponent>1.61</ewComponent>
            </pga>
            <infoStatus>observe</infoStatus>
            <waveImageURI>https://scweb.cwb.gov.tw/webdata/drawTrace/outcome/2017/2017040/1-EYL.gif</waveImageURI>
          </eqStation>
          <eqStation>
            <stationName>西林</stationName>
            <stationCode>ESL</stationCode>
            <stationLon unit="度">121.44</stationLon>
            <stationLat unit="度">23.81</stationLat>
            <distance unit="公里">123.77</distance>
            <azimuth unit="度">30.53</azimuth>
            <stationIntensity unit="級">1</stationIntensity>
            <pga unit="gal">
              <vComponent>0.36</vComponent>
              <nsComponent>0.90</nsComponent>
              <ewComponent>1.26</ewComponent>
            </pga>
            <infoStatus>observe</infoStatus>
            <waveImageURI>https://scweb.cwb.gov.tw/webdata/drawTrace/outcome/2017/2017040/1-ESL.gif</waveImageURI>
          </eqStation>
          <eqStation>
            <stationName>磯崎</stationName>
            <stationCode>EGC</stationCode>
            <stationLon unit="度">121.55</stationLon>
            <stationLat unit="度">23.71</stationLat>
            <distance unit="公里">129.15</distance>
            <azimuth unit="度">23.81</azimuth>
            <stationIntensity unit="級">1</stationIntensity>
            <pga unit="gal">
              <vComponent>1.02</vComponent>
              <nsComponent>1.26</nsComponent>
              <ewComponent>0.96</ewComponent>
            </pga>
            <infoStatus>observe</infoStatus>
            <waveImageURI>https://scweb.cwb.gov.tw/webdata/drawTrace/outcome/2017/2017040/1-EGC.gif</waveImageURI>
          </eqStation>
        </shakingArea>
        <shakingArea>
          <areaDesc>臺北市地區</areaDesc>
          <areaName>臺北市</areaName>
          <areaIntensity unit="級">1</areaIntensity>
          <infoStatus>observe</infoStatus>
          <eqStation>
            <stationName>指南宮</stationName>
            <stationCode>TWA</stationCode>
            <stationLon unit="度">121.59</stationLon>
            <stationLat unit="度">24.98</stationLat>
            <distance unit="公里">52.54</distance>
            <azimuth unit="度">115.68</azimuth>
            <stationIntensity unit="級">1</stationIntensity>
            <pga unit="gal">
              <vComponent>0.42</vComponent>
              <nsComponent>0.96</nsComponent>
              <ewComponent>0.72</ewComponent>
            </pga>
            <infoStatus>observe</infoStatus>
            <waveImageURI>https://scweb.cwb.gov.tw/webdata/drawTrace/outcome/2017/2017040/1-TWA.gif</waveImageURI>
          </eqStation>
          <eqStation>
            <stationName>信義區</stationName>
            <stationCode>NHY</stationCode>
            <stationLon unit="度">121.57</stationLon>
            <stationLat unit="度">25.04</stationLat>
            <distance unit="公里">57.90</distance>
            <azimuth unit="度">120.93</azimuth>
            <stationIntensity unit="級">1</stationIntensity>
            <pga unit="gal">
              <vComponent>1.79</vComponent>
              <nsComponent>1.02</nsComponent>
              <ewComponent>1.26</ewComponent>
            </pga>
            <infoStatus>observe</infoStatus>
            <waveImageURI>https://scweb.cwb.gov.tw/webdata/drawTrace/outcome/2017/2017040/1-NHY.gif</waveImageURI>
          </eqStation>
          <eqStation>
            <stationName>臺北市</stationName>
            <stationCode>TAP</stationCode>
            <stationLon unit="度">121.51</stationLon>
            <stationLat unit="度">25.04</stationLat>
            <distance unit="公里">62.56</distance>
            <azimuth unit="度">118.00</azimuth>
            <stationIntensity unit="級">1</stationIntensity>
            <pga unit="gal">
              <vComponent>0.96</vComponent>
              <nsComponent>1.14</nsComponent>
              <ewComponent>0.66</ewComponent>
            </pga>
            <infoStatus>observe</infoStatus>
            <waveImageURI>https://scweb.cwb.gov.tw/webdata/drawTrace/outcome/2017/2017040/1-TAP.gif</waveImageURI>
          </eqStation>
        </shakingArea>
        <shakingArea>
          <areaDesc>桃園縣地區</areaDesc>
          <areaName>桃園縣</areaName>
          <areaIntensity unit="級">1</areaIntensity>
          <infoStatus>observe</infoStatus>
          <eqStation>
            <stationName>三光</stationName>
            <stationCode>NSK</stationCode>
            <stationLon unit="度">121.37</stationLon>
            <stationLat unit="度">24.67</stationLat>
            <distance unit="公里">71.08</distance>
            <azimuth unit="度">81.12</azimuth>
            <stationIntensity unit="級">1</stationIntensity>
            <pga unit="gal">
              <vComponent>0.60</vComponent>
              <nsComponent>1.20</nsComponent>
              <ewComponent>1.08</ewComponent>
            </pga>
            <infoStatus>observe</infoStatus>
            <waveImageURI>https://scweb.cwb.gov.tw/webdata/drawTrace/outcome/2017/2017040/1-NSK.gif</waveImageURI>
          </eqStation>
          <eqStation>
            <stationName>桃園市</stationName>
            <stationCode>NTY</stationCode>
            <stationLon unit="度">121.31</stationLon>
            <stationLat unit="度">25.00</stationLat>
            <distance unit="公里">80.19</distance>
            <azimuth unit="度">108.17</azimuth>
            <stationIntensity unit="級">1</stationIntensity>
            <pga unit="gal">
              <vComponent>0.66</vComponent>
              <nsComponent>1.50</nsComponent>
              <ewComponent>1.20</ewComponent>
            </pga>
            <infoStatus>observe</infoStatus>
            <waveImageURI>https://scweb.cwb.gov.tw/webdata/drawTrace/outcome/2017/2017040/1-NTY.gif</waveImageURI>
          </eqStation>
          <eqStation>
            <stationName>中壢</stationName>
            <stationCode>NCU</stationCode>
            <stationLon unit="度">121.19</stationLon>
            <stationLat unit="度">24.97</stationLat>
            <distance unit="公里">90.17</distance>
            <azimuth unit="度">103.86</azimuth>
            <stationIntensity unit="級">1</stationIntensity>
            <pga unit="gal">
              <vComponent>0.36</vComponent>
              <nsComponent>0.84</nsComponent>
              <ewComponent>0.72</ewComponent>
            </pga>
            <infoStatus>observe</infoStatus>
            <waveImageURI>https://scweb.cwb.gov.tw/webdata/drawTrace/outcome/2017/2017040/1-NCU.gif</waveImageURI>
          </eqStation>
        </shakingArea>
        <shakingArea>
          <areaDesc>南投縣地區</areaDesc>
          <areaName>南投縣</areaName>
          <areaIntensity unit="級">1</areaIntensity>
          <infoStatus>observe</infoStatus>
          <eqStation>
            <stationName>合歡山</stationName>
            <stationCode>WHF</stationCode>
            <stationLon unit="度">121.27</stationLon>
            <stationLat unit="度">24.14</stationLat>
            <distance unit="公里">106.12</distance>
            <azimuth unit="度">48.86</azimuth>
            <stationIntensity unit="級">1</stationIntensity>
            <pga unit="gal">
              <vComponent>0.30</vComponent>
              <nsComponent>0.90</nsComponent>
              <ewComponent>1.14</ewComponent>
            </pga>
            <infoStatus>observe</infoStatus>
            <waveImageURI>https://scweb.cwb.gov.tw/webdata/drawTrace/outcome/2017/2017040/1-WHF.gif</waveImageURI>
          </eqStation>
        </shakingArea>
        <shakingArea>
          <areaDesc>新竹縣地區</areaDesc>
          <areaName>新竹縣</areaName>
          <areaIntensity unit="級">1</areaIntensity>
          <infoStatus>observe</infoStatus>
          <eqStation>
            <stationName>竹北市</stationName>
            <stationCode>HSN</stationCode>
            <stationLon unit="度">121.01</stationLon>
            <stationLat unit="度">24.83</stationLat>
            <distance unit="公里">106.00</distance>
            <azimuth unit="度">93.33</azimuth>
            <stationIntensity unit="級">1</stationIntensity>
            <pga unit="gal">
              <vComponent>0.42</vComponent>
              <nsComponent>0.78</nsComponent>
              <ewComponent>0.90</ewComponent>
            </pga>
            <infoStatus>observe</infoStatus>
            <waveImageURI>https://scweb.cwb.gov.tw/webdata/drawTrace/outcome/2017/2017040/1-HSN.gif</waveImageURI>
          </eqStation>
          <eqStation>
            <stationName>竹東</stationName>
            <stationCode>NJD</stationCode>
            <stationLon unit="度">121.09</stationLon>
            <stationLat unit="度">24.74</stationLat>
            <distance unit="公里">98.47</distance>
            <azimuth unit="度">87.62</azimuth>
            <stationIntensity unit="級">1</stationIntensity>
            <pga unit="gal">
              <vComponent>0.72</vComponent>
              <nsComponent>2.03</nsComponent>
              <ewComponent>1.50</ewComponent>
            </pga>
            <infoStatus>observe</infoStatus>
            <waveImageURI>https://scweb.cwb.gov.tw/webdata/drawTrace/outcome/2017/2017040/1-NJD.gif</waveImageURI>
          </eqStation>
        </shakingArea>
        <shakingArea>
          <areaDesc>臺中市地區</areaDesc>
          <areaName>臺中市</areaName>
          <areaIntensity unit="級">1</areaIntensity>
          <infoStatus>observe</infoStatus>
          <eqStation>
            <stationName>德基</stationName>
            <stationCode>TWT</stationCode>
            <stationLon unit="度">121.16</stationLon>
            <stationLat unit="度">24.25</stationLat>
            <distance unit="公里">108.09</distance>
            <azimuth unit="度">57.48</azimuth>
            <stationIntensity unit="級">1</stationIntensity>
            <pga unit="gal">
              <vComponent>0.54</vComponent>
              <nsComponent>1.61</nsComponent>
              <ewComponent>0.84</ewComponent>
            </pga>
            <infoStatus>observe</infoStatus>
            <waveImageURI>https://scweb.cwb.gov.tw/webdata/drawTrace/outcome/2017/2017040/1-TWT.gif</waveImageURI>
          </eqStation>
        </shakingArea>
        <shakingArea>
          <areaDesc>苗栗縣地區</areaDesc>
          <areaName>苗栗縣</areaName>
          <areaIntensity unit="級">1</areaIntensity>
          <infoStatus>observe</infoStatus>
          <eqStation>
            <stationName>獅頭山</stationName>
            <stationCode>NST</stationCode>
            <stationLon unit="度">121.01</stationLon>
            <stationLat unit="度">24.63</stationLat>
            <distance unit="公里">107.64</distance>
            <azimuth unit="度">81.51</azimuth>
            <stationIntensity unit="級">1</stationIntensity>
            <pga unit="gal">
              <vComponent>0.48</vComponent>
              <nsComponent>1.14</nsComponent>
              <ewComponent>1.38</ewComponent>
            </pga>
            <infoStatus>observe</infoStatus>
            <waveImageURI>https://scweb.cwb.gov.tw/webdata/drawTrace/outcome/2017/2017040/1-NST.gif</waveImageURI>
          </eqStation>
          <eqStation>
            <stationName>獅潭</stationName>
            <stationCode>NSD</stationCode>
            <stationLon unit="度">120.92</stationLon>
            <stationLat unit="度">24.54</stationLat>
            <distance unit="公里">118.26</distance>
            <azimuth unit="度">77.39</azimuth>
            <stationIntensity unit="級">1</stationIntensity>
            <pga unit="gal">
              <vComponent>0.36</vComponent>
              <nsComponent>1.20</nsComponent>
              <ewComponent>0.90</ewComponent>
            </pga>
            <infoStatus>observe</infoStatus>
            <waveImageURI>https://scweb.cwb.gov.tw/webdata/drawTrace/outcome/2017/2017040/1-NSD.gif</waveImageURI>
          </eqStation>
        </shakingArea>
        <shakingArea>
          <areaDesc>新竹市地區</areaDesc>
          <areaName>新竹市</areaName>
          <areaIntensity unit="級">1</areaIntensity>
          <infoStatus>observe</infoStatus>
          <eqStation>
            <stationName>新竹市</stationName>
            <stationCode>HSN1</stationCode>
            <stationLon unit="度">121.02</stationLon>
            <stationLat unit="度">24.78</stationLat>
            <distance unit="公里">105.43</distance>
            <azimuth unit="度">90.35</azimuth>
            <stationIntensity unit="級">1</stationIntensity>
            <pga unit="gal">
              <vComponent>0.48</vComponent>
              <nsComponent>1.67</nsComponent>
              <ewComponent>1.02</ewComponent>
            </pga>
            <infoStatus>observe</infoStatus>
            <waveImageURI>https://scweb.cwb.gov.tw/webdata/drawTrace/outcome/2017/2017040/1-HSN1.gif</waveImageURI>
          </eqStation>
        </shakingArea>
        <shakingArea>
          <areaDesc>彰化縣地區</areaDesc>
          <areaName>彰化縣</areaName>
          <areaIntensity unit="級">1</areaIntensity>
          <infoStatus>observe</infoStatus>
          <eqStation>
            <stationName>彰化市</stationName>
            <stationCode>WCH</stationCode>
            <stationLon unit="度">120.56</stationLon>
            <stationLat unit="度">24.08</stationLat>
            <distance unit="公里">170.70</distance>
            <azimuth unit="度">63.31</azimuth>
            <stationIntensity unit="級">1</stationIntensity>
            <pga unit="gal">
              <vComponent>1.67</vComponent>
              <nsComponent>0.54</nsComponent>
              <ewComponent>0.54</ewComponent>
            </pga>
            <infoStatus>observe</infoStatus>
            <waveImageURI>https://scweb.cwb.gov.tw/webdata/drawTrace/outcome/2017/2017040/1-WCH.gif</waveImageURI>
          </eqStation>
        </shakingArea>
        <shakingArea>
          <areaDesc>臺東縣地區</areaDesc>
          <areaName>臺東縣</areaName>
          <areaIntensity unit="級">1</areaIntensity>
          <infoStatus>observe</infoStatus>
          <eqStation>
            <stationName>成功</stationName>
            <stationCode>CHK</stationCode>
            <stationLon unit="度">121.37</stationLon>
            <stationLat unit="度">23.10</stationLat>
            <distance unit="公里">198.60</distance>
            <azimuth unit="度">20.65</azimuth>
            <stationIntensity unit="級">1</stationIntensity>
            <pga unit="gal">
              <vComponent>0.42</vComponent>
              <nsComponent>1.08</nsComponent>
              <ewComponent>1.14</ewComponent>
            </pga>
            <infoStatus>observe</infoStatus>
            <waveImageURI>https://scweb.cwb.gov.tw/webdata/drawTrace/outcome/2017/2017040/1-CHK.gif</waveImageURI>
          </eqStation>
        </shakingArea>
        <shakingArea>
          <areaDesc>最大震度3級地區</areaDesc>
          <areaName>宜蘭縣</areaName>
          <areaIntensity unit="級">3</areaIntensity>
        </shakingArea>
        <shakingArea>
          <areaDesc>最大震度2級地區</areaDesc>
          <areaName>新北市、花蓮縣</areaName>
          <areaIntensity unit="級">2</areaIntensity>
        </shakingArea>
        <shakingArea>
          <areaDesc>最大震度1級地區</areaDesc>
          <areaName>臺北市、桃園縣、南投縣、新竹縣、臺中市、苗栗縣、新竹市、彰化縣、臺東縣</areaName>
          <areaIntensity unit="級">1</areaIntensity>
        </shakingArea>
      </intensity>
      <reportRemark>臺北市、桃園縣、南投縣、新竹縣、臺中市、苗栗縣、新竹市、彰化縣、臺東縣</reportRemark>
    </earthquake>
  </dataset>
</cwbopendata>