﻿<?xml version="1.0" encoding="UTF-8" ?>
<cwbopendata xmlns="urn:cwb:gov:tw:cwbcommon:0.1">
  <identifier>CWB-EQ106008-2017-0211-011252</identifier>
  <sender>CWB_SC@scman.cwb.gov.tw</sender>
  <sent>2018-09-10T18:05:34+08:00</sent>
  <status>Actual</status>
  <msgType>Issue</msgType>
  <source>CWB</source>
  <scope>Public</scope>
  <dataset>
    <datasetInfo>
      <datasetDescription>地震報告</datasetDescription>
      <datasetLanguage>zh-TW</datasetLanguage>
      <issueTime>2018-09-10T18:05:34+08:00</issueTime>
      <validTime><endTime>2018-09-11T02:05:34+08:00</endTime></validTime>
    </datasetInfo>
    <earthquake>
      <reportType>地震報告</reportType>
      <earthquakeNo>106008</earthquakeNo>
      <reportContent>02/11-01:12高雄市近海發生規模5.7有感地震，最大震度臺南市6級。</reportContent>
      <reportColor>黃色</reportColor>
      <web>https://scweb.cwb.gov.tw/GraphicContent.aspx?ItemId=49&amp;fileString=2017021101125257008</web>
      <reportImageURI>https://scweb.cwb.gov.tw/webdata/OLDEQ/201702/2017021101125257008.gif</reportImageURI>
      <shakemapImageURI>https://scweb.cwb.gov.tw/webdata/drawTrace/plotContour/2017/2017008.gif</shakemapImageURI>
      <earthquakeInfo>
        <originTime>2017-02-11T01:12:52+08:00</originTime>
        <epicenter>
          <epicenterLon unit="度">120.14</epicenterLon>
          <epicenterLat unit="度">22.87</epicenterLat>
          <location>高雄市政府西北方  32.2  公里 (位於高雄市近海)</location>
        </epicenter>
        <depth unit="公里">16.2</depth>
        <magnitude>
          <magnitudeType>芮氏規模</magnitudeType>
          <magnitudeValue>5.7</magnitudeValue>
        </magnitude>
        <source>中央氣象局</source>
      </earthquakeInfo>
      <intensity>
        <shakingArea>
          <areaDesc>臺南市地區</areaDesc>
          <areaName>臺南市</areaName>
          <areaIntensity unit="級">6</areaIntensity>
          <infoStatus>observe</infoStatus>
          <eqStation>
            <stationName>臺南市</stationName>
            <stationCode>TAI</stationCode>
            <stationLon unit="度">120.21</stationLon>
            <stationLat unit="度">22.99</stationLat>
            <distance unit="公里">15.50</distance>
            <azimuth unit="度">204.15</azimuth>
            <stationIntensity unit="級">6</stationIntensity>
            <pga unit="gal">
              <vComponent>164.07</vComponent>
              <nsComponent>353.50</nsComponent>
              <ewComponent>139.07</ewComponent>
            </pga>
            <infoStatus>observe</infoStatus>
            <waveImageURI>https://scweb.cwb.gov.tw/webdata/drawTrace/outcome/2017/2017008/6-TAI.gif</waveImageURI>
          </eqStation>
          <eqStation>
            <stationName>永康</stationName>
            <stationCode>TAI1</stationCode>
            <stationLon unit="度">120.24</stationLon>
            <stationLat unit="度">23.04</stationLat>
            <distance unit="公里">21.39</distance>
            <azimuth unit="度">206.64</azimuth>
            <stationIntensity unit="級">5</stationIntensity>
            <pga unit="gal">
              <vComponent>26.02</vComponent>
              <nsComponent>74.29</nsComponent>
              <ewComponent>96.00</ewComponent>
            </pga>
            <infoStatus>observe</infoStatus>
            <waveImageURI>https://scweb.cwb.gov.tw/webdata/drawTrace/outcome/2017/2017008/5-TAI1.gif</waveImageURI>
          </eqStation>
          <eqStation>
            <stationName>七股</stationName>
            <stationCode>SCK</stationCode>
            <stationLon unit="度">120.09</stationLon>
            <stationLat unit="度">23.15</stationLat>
            <distance unit="公里">31.73</distance>
            <azimuth unit="度">169.39</azimuth>
            <stationIntensity unit="級">4</stationIntensity>
            <pga unit="gal">
              <vComponent>16.15</vComponent>
              <nsComponent>33.68</nsComponent>
              <ewComponent>29.37</ewComponent>
            </pga>
            <infoStatus>observe</infoStatus>
            <waveImageURI>https://scweb.cwb.gov.tw/webdata/drawTrace/outcome/2017/2017008/4-SCK.gif</waveImageURI>
          </eqStation>
          <eqStation>
            <stationName>善化</stationName>
            <stationCode>SSH</stationCode>
            <stationLon unit="度">120.29</stationLon>
            <stationLat unit="度">23.14</stationLat>
            <distance unit="公里">33.49</distance>
            <azimuth unit="度">206.35</azimuth>
            <stationIntensity unit="級">4</stationIntensity>
            <pga unit="gal">
              <vComponent>13.58</vComponent>
              <nsComponent>29.19</nsComponent>
              <ewComponent>30.68</ewComponent>
            </pga>
            <infoStatus>observe</infoStatus>
            <waveImageURI>https://scweb.cwb.gov.tw/webdata/drawTrace/outcome/2017/2017008/4-SSH.gif</waveImageURI>
          </eqStation>
          <eqStation>
            <stationName>新化</stationName>
            <stationCode>CHN3</stationCode>
            <stationLon unit="度">120.36</stationLon>
            <stationLat unit="度">23.08</stationLat>
            <distance unit="公里">32.52</distance>
            <azimuth unit="度">224.30</azimuth>
            <stationIntensity unit="級">4</stationIntensity>
            <pga unit="gal">
              <vComponent>9.09</vComponent>
              <nsComponent>28.77</nsComponent>
              <ewComponent>23.21</ewComponent>
            </pga>
            <infoStatus>observe</infoStatus>
            <waveImageURI>https://scweb.cwb.gov.tw/webdata/drawTrace/outcome/2017/2017008/4-CHN3.gif</waveImageURI>
          </eqStation>
          <eqStation>
            <stationName>楠西</stationName>
            <stationCode>CHN1</stationCode>
            <stationLon unit="度">120.53</stationLon>
            <stationLat unit="度">23.19</stationLat>
            <distance unit="公里">53.05</distance>
            <azimuth unit="度">228.11</azimuth>
            <stationIntensity unit="級">3</stationIntensity>
            <pga unit="gal">
              <vComponent>5.08</vComponent>
              <nsComponent>11.66</nsComponent>
              <ewComponent>11.48</ewComponent>
            </pga>
            <infoStatus>observe</infoStatus>
            <waveImageURI>https://scweb.cwb.gov.tw/webdata/drawTrace/outcome/2017/2017008/3-CHN1.gif</waveImageURI>
          </eqStation>
          <eqStation>
            <stationName>佳里</stationName>
            <stationCode>SCL</stationCode>
            <stationLon unit="度">120.20</stationLon>
            <stationLat unit="度">23.17</stationLat>
            <distance unit="公里">34.67</distance>
            <azimuth unit="度">189.96</azimuth>
            <stationIntensity unit="級">3</stationIntensity>
          </eqStation>
          <eqStation>
            <stationName>東山</stationName>
            <stationCode>TWL</stationCode>
            <stationLon unit="度">120.50</stationLon>
            <stationLat unit="度">23.26</stationLat>
            <distance unit="公里">57.49</distance>
            <azimuth unit="度">219.80</azimuth>
            <stationIntensity unit="級">2</stationIntensity>
            <pga unit="gal">
              <vComponent>4.07</vComponent>
              <nsComponent>6.16</nsComponent>
              <ewComponent>5.92</ewComponent>
            </pga>
            <infoStatus>observe</infoStatus>
            <waveImageURI>https://scweb.cwb.gov.tw/webdata/drawTrace/outcome/2017/2017008/2-TWL.gif</waveImageURI>
          </eqStation>
        </shakingArea>
        <shakingArea>
          <areaDesc>高雄市地區</areaDesc>
          <areaName>高雄市</areaName>
          <areaIntensity unit="級">4</areaIntensity>
          <infoStatus>observe</infoStatus>
          <eqStation>
            <stationName>旗山</stationName>
            <stationCode>TWM1</stationCode>
            <stationLon unit="度">120.43</stationLon>
            <stationLat unit="度">22.82</stationLat>
            <distance unit="公里">29.91</distance>
            <azimuth unit="度">279.43</azimuth>
            <stationIntensity unit="級">4</stationIntensity>
            <pga unit="gal">
              <vComponent>17.29</vComponent>
              <nsComponent>68.85</nsComponent>
              <ewComponent>38.94</ewComponent>
            </pga>
            <infoStatus>observe</infoStatus>
            <waveImageURI>https://scweb.cwb.gov.tw/webdata/drawTrace/outcome/2017/2017008/4-TWM1.gif</waveImageURI>
          </eqStation>
          <eqStation>
            <stationName>高雄市</stationName>
            <stationCode>KAU</stationCode>
            <stationLon unit="度">120.32</stationLon>
            <stationLat unit="度">22.57</stationLat>
            <distance unit="公里">37.66</distance>
            <azimuth unit="度">331.91</azimuth>
            <stationIntensity unit="級">3</stationIntensity>
            <pga unit="gal">
              <vComponent>7.06</vComponent>
              <nsComponent>17.82</nsComponent>
              <ewComponent>20.28</ewComponent>
            </pga>
            <infoStatus>observe</infoStatus>
            <waveImageURI>https://scweb.cwb.gov.tw/webdata/drawTrace/outcome/2017/2017008/3-KAU.gif</waveImageURI>
          </eqStation>
          <eqStation>
            <stationName>甲仙</stationName>
            <stationCode>SGS</stationCode>
            <stationLon unit="度">120.59</stationLon>
            <stationLat unit="度">23.08</stationLat>
            <distance unit="公里">51.69</distance>
            <azimuth unit="度">242.57</azimuth>
            <stationIntensity unit="級">2</stationIntensity>
            <pga unit="gal">
              <vComponent>2.93</vComponent>
              <nsComponent>4.55</nsComponent>
              <ewComponent>5.02</ewComponent>
            </pga>
            <infoStatus>observe</infoStatus>
            <waveImageURI>https://scweb.cwb.gov.tw/webdata/drawTrace/outcome/2017/2017008/2-SGS.gif</waveImageURI>
          </eqStation>
          <eqStation>
            <stationName>桃源</stationName>
            <stationCode>STY</stationCode>
            <stationLon unit="度">120.77</stationLon>
            <stationLat unit="度">23.16</stationLat>
            <distance unit="公里">71.72</distance>
            <azimuth unit="度">242.85</azimuth>
            <stationIntensity unit="級">2</stationIntensity>
            <pga unit="gal">
              <vComponent>1.56</vComponent>
              <nsComponent>4.73</nsComponent>
              <ewComponent>2.45</ewComponent>
            </pga>
            <infoStatus>observe</infoStatus>
            <waveImageURI>https://scweb.cwb.gov.tw/webdata/drawTrace/outcome/2017/2017008/2-STY.gif</waveImageURI>
          </eqStation>
        </shakingArea>
        <shakingArea>
          <areaDesc>屏東縣地區</areaDesc>
          <areaName>屏東縣</areaName>
          <areaIntensity unit="級">3</areaIntensity>
          <infoStatus>observe</infoStatus>
          <eqStation>
            <stationName>九如</stationName>
            <stationCode>SGL</stationCode>
            <stationLon unit="度">120.50</stationLon>
            <stationLat unit="度">22.72</stationLat>
            <distance unit="公里">39.73</distance>
            <azimuth unit="度">293.35</azimuth>
            <stationIntensity unit="級">3</stationIntensity>
            <pga unit="gal">
              <vComponent>4.73</vComponent>
              <nsComponent>9.03</nsComponent>
              <ewComponent>8.43</ewComponent>
            </pga>
            <infoStatus>observe</infoStatus>
            <waveImageURI>https://scweb.cwb.gov.tw/webdata/drawTrace/outcome/2017/2017008/3-SGL.gif</waveImageURI>
          </eqStation>
          <eqStation>
            <stationName>屏東市</stationName>
            <stationCode>SPT</stationCode>
            <stationLon unit="度">120.50</stationLon>
            <stationLat unit="度">22.68</stationLat>
            <distance unit="公里">41.84</distance>
            <azimuth unit="度">300.07</azimuth>
            <stationIntensity unit="級">3</stationIntensity>
            <pga unit="gal">
              <vComponent>5.02</vComponent>
              <nsComponent>9.03</nsComponent>
              <ewComponent>8.49</ewComponent>
            </pga>
            <infoStatus>observe</infoStatus>
            <waveImageURI>https://scweb.cwb.gov.tw/webdata/drawTrace/outcome/2017/2017008/3-SPT.gif</waveImageURI>
          </eqStation>
          <eqStation>
            <stationName>小琉球</stationName>
            <stationCode>WLC</stationCode>
            <stationLon unit="度">120.37</stationLon>
            <stationLat unit="度">22.35</stationLat>
            <distance unit="公里">62.08</distance>
            <azimuth unit="度">338.02</azimuth>
            <stationIntensity unit="級">3</stationIntensity>
            <pga unit="gal">
              <vComponent>3.77</vComponent>
              <nsComponent>12.02</nsComponent>
              <ewComponent>16.09</ewComponent>
            </pga>
            <infoStatus>observe</infoStatus>
            <waveImageURI>https://scweb.cwb.gov.tw/webdata/drawTrace/outcome/2017/2017008/3-WLC.gif</waveImageURI>
          </eqStation>
          <eqStation>
            <stationName>枋寮</stationName>
            <stationCode>SCZ</stationCode>
            <stationLon unit="度">120.63</stationLon>
            <stationLat unit="度">22.37</stationLat>
            <distance unit="公里">74.19</distance>
            <azimuth unit="度">317.78</azimuth>
            <stationIntensity unit="級">3</stationIntensity>
            <pga unit="gal">
              <vComponent>3.59</vComponent>
              <nsComponent>6.28</nsComponent>
              <ewComponent>8.19</ewComponent>
            </pga>
            <infoStatus>observe</infoStatus>
            <waveImageURI>https://scweb.cwb.gov.tw/webdata/drawTrace/outcome/2017/2017008/3-SCZ.gif</waveImageURI>
          </eqStation>
          <eqStation>
            <stationName>三地門</stationName>
            <stationCode>SSD</stationCode>
            <stationLon unit="度">120.64</stationLon>
            <stationLat unit="度">22.74</stationLat>
            <distance unit="公里">52.77</distance>
            <azimuth unit="度">284.78</azimuth>
            <stationIntensity unit="級">2</stationIntensity>
            <pga unit="gal">
              <vComponent>2.69</vComponent>
              <nsComponent>4.31</nsComponent>
              <ewComponent>3.89</ewComponent>
            </pga>
            <infoStatus>observe</infoStatus>
            <waveImageURI>https://scweb.cwb.gov.tw/webdata/drawTrace/outcome/2017/2017008/2-SSD.gif</waveImageURI>
          </eqStation>
          <eqStation>
            <stationName>恆春</stationName>
            <stationCode>HEN</stationCode>
            <stationLon unit="度">120.75</stationLon>
            <stationLat unit="度">22.00</stationLat>
            <distance unit="公里">113.98</distance>
            <azimuth unit="度">327.02</azimuth>
            <stationIntensity unit="級">2</stationIntensity>
            <pga unit="gal">
              <vComponent>1.85</vComponent>
              <nsComponent>4.07</nsComponent>
              <ewComponent>3.59</ewComponent>
            </pga>
            <infoStatus>observe</infoStatus>
            <waveImageURI>https://scweb.cwb.gov.tw/webdata/drawTrace/outcome/2017/2017008/2-HEN.gif</waveImageURI>
          </eqStation>
          <eqStation>
            <stationName>南灣</stationName>
            <stationCode>SNW</stationCode>
            <stationLon unit="度">120.75</stationLon>
            <stationLat unit="度">21.96</stationLat>
            <distance unit="公里">118.04</distance>
            <azimuth unit="度">327.91</azimuth>
            <stationIntensity unit="級">2</stationIntensity>
            <pga unit="gal">
              <vComponent>1.02</vComponent>
              <nsComponent>2.51</nsComponent>
              <ewComponent>2.27</ewComponent>
            </pga>
            <infoStatus>observe</infoStatus>
            <waveImageURI>https://scweb.cwb.gov.tw/webdata/drawTrace/outcome/2017/2017008/2-SNW.gif</waveImageURI>
          </eqStation>
          <eqStation>
            <stationName>墾丁</stationName>
            <stationCode>TWK1</stationCode>
            <stationLon unit="度">120.81</stationLon>
            <stationLat unit="度">21.94</stationLat>
            <distance unit="公里">123.73</distance>
            <azimuth unit="度">326.08</azimuth>
            <stationIntensity unit="級">1</stationIntensity>
            <pga unit="gal">
              <vComponent>0.84</vComponent>
              <nsComponent>0.90</nsComponent>
              <ewComponent>1.61</ewComponent>
            </pga>
            <infoStatus>observe</infoStatus>
            <waveImageURI>https://scweb.cwb.gov.tw/webdata/drawTrace/outcome/2017/2017008/1-TWK1.gif</waveImageURI>
          </eqStation>
          <eqStation>
            <stationName>鵝鑾鼻</stationName>
            <stationCode>SEB</stationCode>
            <stationLon unit="度">120.86</stationLon>
            <stationLat unit="度">21.90</stationLat>
            <distance unit="公里">129.72</distance>
            <azimuth unit="度">325.59</azimuth>
            <stationIntensity unit="級">1</stationIntensity>
            <pga unit="gal">
              <vComponent>0.84</vComponent>
              <nsComponent>1.73</nsComponent>
              <ewComponent>1.79</ewComponent>
            </pga>
            <infoStatus>observe</infoStatus>
            <waveImageURI>https://scweb.cwb.gov.tw/webdata/drawTrace/outcome/2017/2017008/1-SEB.gif</waveImageURI>
          </eqStation>
        </shakingArea>
        <shakingArea>
          <areaDesc>嘉義縣地區</areaDesc>
          <areaName>嘉義縣</areaName>
          <areaIntensity unit="級">3</areaIntensity>
          <infoStatus>observe</infoStatus>
          <eqStation>
            <stationName>大埔</stationName>
            <stationCode>WTP</stationCode>
            <stationLon unit="度">120.62</stationLon>
            <stationLat unit="度">23.24</stationLat>
            <distance unit="公里">64.57</distance>
            <azimuth unit="度">229.50</azimuth>
            <stationIntensity unit="級">3</stationIntensity>
            <pga unit="gal">
              <vComponent>2.51</vComponent>
              <nsComponent>8.25</nsComponent>
              <ewComponent>8.02</ewComponent>
            </pga>
            <infoStatus>observe</infoStatus>
            <waveImageURI>https://scweb.cwb.gov.tw/webdata/drawTrace/outcome/2017/2017008/3-WTP.gif</waveImageURI>
          </eqStation>
          <eqStation>
            <stationName>六腳</stationName>
            <stationCode>CHN7</stationCode>
            <stationLon unit="度">120.24</stationLon>
            <stationLat unit="度">23.48</stationLat>
            <distance unit="公里">69.22</distance>
            <azimuth unit="度">188.19</azimuth>
            <stationIntensity unit="級">3</stationIntensity>
            <pga unit="gal">
              <vComponent>6.04</vComponent>
              <nsComponent>21.41</nsComponent>
              <ewComponent>17.71</ewComponent>
            </pga>
            <infoStatus>observe</infoStatus>
            <waveImageURI>https://scweb.cwb.gov.tw/webdata/drawTrace/outcome/2017/2017008/3-CHN7.gif</waveImageURI>
          </eqStation>
          <eqStation>
            <stationName>草山</stationName>
            <stationCode>CHN4</stationCode>
            <stationLon unit="度">120.59</stationLon>
            <stationLat unit="度">23.35</stationLat>
            <distance unit="公里">70.95</distance>
            <azimuth unit="度">220.60</azimuth>
            <stationIntensity unit="級">3</stationIntensity>
            <pga unit="gal">
              <vComponent>4.19</vComponent>
              <nsComponent>9.99</nsComponent>
              <ewComponent>7.66</ewComponent>
            </pga>
            <infoStatus>observe</infoStatus>
            <waveImageURI>https://scweb.cwb.gov.tw/webdata/drawTrace/outcome/2017/2017008/3-CHN4.gif</waveImageURI>
          </eqStation>
          <eqStation>
            <stationName>阿里山</stationName>
            <stationCode>ALS</stationCode>
            <stationLon unit="度">120.81</stationLon>
            <stationLat unit="度">23.51</stationLat>
            <distance unit="公里">98.94</distance>
            <azimuth unit="度">223.90</azimuth>
            <stationIntensity unit="級">3</stationIntensity>
            <pga unit="gal">
              <vComponent>4.73</vComponent>
              <nsComponent>8.25</nsComponent>
              <ewComponent>9.15</ewComponent>
            </pga>
            <infoStatus>observe</infoStatus>
            <waveImageURI>https://scweb.cwb.gov.tw/webdata/drawTrace/outcome/2017/2017008/3-ALS.gif</waveImageURI>
          </eqStation>
        </shakingArea>
        <shakingArea>
          <areaDesc>嘉義市地區</areaDesc>
          <areaName>嘉義市</areaName>
          <areaIntensity unit="級">3</areaIntensity>
          <infoStatus>observe</infoStatus>
          <eqStation>
            <stationName>嘉義市</stationName>
            <stationCode>CHY</stationCode>
            <stationLon unit="度">120.43</stationLon>
            <stationLat unit="度">23.50</stationLat>
            <distance unit="公里">75.95</distance>
            <azimuth unit="度">202.97</azimuth>
            <stationIntensity unit="級">3</stationIntensity>
            <pga unit="gal">
              <vComponent>4.67</vComponent>
              <nsComponent>13.58</nsComponent>
              <ewComponent>9.03</ewComponent>
            </pga>
            <infoStatus>observe</infoStatus>
            <waveImageURI>https://scweb.cwb.gov.tw/webdata/drawTrace/outcome/2017/2017008/3-CHY.gif</waveImageURI>
          </eqStation>
        </shakingArea>
        <shakingArea>
          <areaDesc>雲林縣地區</areaDesc>
          <areaName>雲林縣</areaName>
          <areaIntensity unit="級">3</areaIntensity>
          <infoStatus>observe</infoStatus>
          <eqStation>
            <stationName>四湖</stationName>
            <stationCode>WSF</stationCode>
            <stationLon unit="度">120.23</stationLon>
            <stationLat unit="度">23.64</stationLat>
            <distance unit="公里">85.95</distance>
            <azimuth unit="度">185.92</azimuth>
            <stationIntensity unit="級">3</stationIntensity>
            <pga unit="gal">
              <vComponent>5.74</vComponent>
              <nsComponent>14.12</nsComponent>
              <ewComponent>13.22</ewComponent>
            </pga>
            <infoStatus>observe</infoStatus>
            <waveImageURI>https://scweb.cwb.gov.tw/webdata/drawTrace/outcome/2017/2017008/3-WSF.gif</waveImageURI>
          </eqStation>
          <eqStation>
            <stationName>草嶺</stationName>
            <stationCode>CHN5</stationCode>
            <stationLon unit="度">120.68</stationLon>
            <stationLat unit="度">23.60</stationLat>
            <distance unit="公里">97.85</distance>
            <azimuth unit="度">213.96</azimuth>
            <stationIntensity unit="級">3</stationIntensity>
            <pga unit="gal">
              <vComponent>3.53</vComponent>
              <nsComponent>8.55</nsComponent>
              <ewComponent>9.63</ewComponent>
            </pga>
            <infoStatus>observe</infoStatus>
            <waveImageURI>https://scweb.cwb.gov.tw/webdata/drawTrace/outcome/2017/2017008/3-CHN5.gif</waveImageURI>
          </eqStation>
          <eqStation>
            <stationName>古坑</stationName>
            <stationCode>WGK</stationCode>
            <stationLon unit="度">120.57</stationLon>
            <stationLat unit="度">23.68</stationLat>
            <distance unit="公里">100.80</distance>
            <azimuth unit="度">205.69</azimuth>
            <stationIntensity unit="級">3</stationIntensity>
            <pga unit="gal">
              <vComponent>3.05</vComponent>
              <nsComponent>10.05</nsComponent>
              <ewComponent>9.33</ewComponent>
            </pga>
            <infoStatus>observe</infoStatus>
            <waveImageURI>https://scweb.cwb.gov.tw/webdata/drawTrace/outcome/2017/2017008/3-WGK.gif</waveImageURI>
          </eqStation>
          <eqStation>
            <stationName>斗六市</stationName>
            <stationCode>WDL</stationCode>
            <stationLon unit="度">120.54</stationLon>
            <stationLat unit="度">23.72</stationLat>
            <distance unit="公里">102.53</distance>
            <azimuth unit="度">203.23</azimuth>
            <stationIntensity unit="級">2</stationIntensity>
            <pga unit="gal">
              <vComponent>4.43</vComponent>
              <nsComponent>6.04</nsComponent>
              <ewComponent>6.10</ewComponent>
            </pga>
            <infoStatus>observe</infoStatus>
            <waveImageURI>https://scweb.cwb.gov.tw/webdata/drawTrace/outcome/2017/2017008/2-WDL.gif</waveImageURI>
          </eqStation>
        </shakingArea>
        <shakingArea>
          <areaDesc>澎湖縣地區</areaDesc>
          <areaName>澎湖縣</areaName>
          <areaIntensity unit="級">2</areaIntensity>
          <infoStatus>observe</infoStatus>
          <eqStation>
            <stationName>東吉島</stationName>
            <stationCode>WDG</stationCode>
            <stationLon unit="度">119.67</stationLon>
            <stationLat unit="度">23.26</stationLat>
            <distance unit="公里">65.26</distance>
            <azimuth unit="度">131.73</azimuth>
            <stationIntensity unit="級">2</stationIntensity>
            <pga unit="gal">
              <vComponent>1.56</vComponent>
              <nsComponent>2.09</nsComponent>
              <ewComponent>3.41</ewComponent>
            </pga>
            <infoStatus>observe</infoStatus>
            <waveImageURI>https://scweb.cwb.gov.tw/webdata/drawTrace/outcome/2017/2017008/2-WDG.gif</waveImageURI>
          </eqStation>
          <eqStation>
            <stationName>馬公市</stationName>
            <stationCode>PNG</stationCode>
            <stationLon unit="度">119.56</stationLon>
            <stationLat unit="度">23.57</stationLat>
            <distance unit="公里">97.66</distance>
            <azimuth unit="度">142.60</azimuth>
            <stationIntensity unit="級">1</stationIntensity>
            <pga unit="gal">
              <vComponent>1.38</vComponent>
              <nsComponent>2.45</nsComponent>
              <ewComponent>2.15</ewComponent>
            </pga>
            <infoStatus>observe</infoStatus>
            <waveImageURI>https://scweb.cwb.gov.tw/webdata/drawTrace/outcome/2017/2017008/1-PNG.gif</waveImageURI>
          </eqStation>
        </shakingArea>
        <shakingArea>
          <areaDesc>臺東縣地區</areaDesc>
          <areaName>臺東縣</areaName>
          <areaIntensity unit="級">2</areaIntensity>
          <infoStatus>observe</infoStatus>
          <eqStation>
            <stationName>太麻里</stationName>
            <stationCode>ECL</stationCode>
            <stationLon unit="度">120.96</stationLon>
            <stationLat unit="度">22.60</stationLat>
            <distance unit="公里">89.24</distance>
            <azimuth unit="度">289.58</azimuth>
            <stationIntensity unit="級">2</stationIntensity>
            <pga unit="gal">
              <vComponent>1.14</vComponent>
              <nsComponent>1.91</nsComponent>
              <ewComponent>3.29</ewComponent>
            </pga>
            <infoStatus>observe</infoStatus>
            <waveImageURI>https://scweb.cwb.gov.tw/webdata/drawTrace/outcome/2017/2017008/2-ECL.gif</waveImageURI>
          </eqStation>
          <eqStation>
            <stationName>安朔</stationName>
            <stationCode>EAS</stationCode>
            <stationLon unit="度">120.86</stationLon>
            <stationLat unit="度">22.38</stationLat>
            <distance unit="公里">90.92</distance>
            <azimuth unit="度">306.22</azimuth>
            <stationIntensity unit="級">2</stationIntensity>
            <pga unit="gal">
              <vComponent>4.19</vComponent>
              <nsComponent>4.84</nsComponent>
              <ewComponent>6.82</ewComponent>
            </pga>
            <infoStatus>observe</infoStatus>
            <waveImageURI>https://scweb.cwb.gov.tw/webdata/drawTrace/outcome/2017/2017008/2-EAS.gif</waveImageURI>
          </eqStation>
          <eqStation>
            <stationName>卑南</stationName>
            <stationCode>TWG</stationCode>
            <stationLon unit="度">121.08</stationLon>
            <stationLat unit="度">22.82</stationLat>
            <distance unit="公里">96.29</distance>
            <azimuth unit="度">273.17</azimuth>
            <stationIntensity unit="級">2</stationIntensity>
            <pga unit="gal">
              <vComponent>1.44</vComponent>
              <nsComponent>3.17</nsComponent>
              <ewComponent>3.11</ewComponent>
            </pga>
            <infoStatus>observe</infoStatus>
            <waveImageURI>https://scweb.cwb.gov.tw/webdata/drawTrace/outcome/2017/2017008/2-TWG.gif</waveImageURI>
          </eqStation>
          <eqStation>
            <stationName>初鹿</stationName>
            <stationCode>ECU</stationCode>
            <stationLon unit="度">121.09</stationLon>
            <stationLat unit="度">22.86</stationLat>
            <distance unit="公里">97.33</distance>
            <azimuth unit="度">270.39</azimuth>
            <stationIntensity unit="級">2</stationIntensity>
            <pga unit="gal">
              <vComponent>2.21</vComponent>
              <nsComponent>5.32</nsComponent>
              <ewComponent>3.65</ewComponent>
            </pga>
            <infoStatus>observe</infoStatus>
            <waveImageURI>https://scweb.cwb.gov.tw/webdata/drawTrace/outcome/2017/2017008/2-ECU.gif</waveImageURI>
          </eqStation>
          <eqStation>
            <stationName>利稻</stationName>
            <stationCode>ELD</stationCode>
            <stationLon unit="度">121.03</stationLon>
            <stationLat unit="度">23.19</stationLat>
            <distance unit="公里">97.17</distance>
            <azimuth unit="度">248.48</azimuth>
            <stationIntensity unit="級">2</stationIntensity>
            <pga unit="gal">
              <vComponent>1.61</vComponent>
              <nsComponent>1.85</nsComponent>
              <ewComponent>2.69</ewComponent>
            </pga>
            <infoStatus>observe</infoStatus>
            <waveImageURI>https://scweb.cwb.gov.tw/webdata/drawTrace/outcome/2017/2017008/2-ELD.gif</waveImageURI>
          </eqStation>
          <eqStation>
            <stationName>臺東市</stationName>
            <stationCode>TTN</stationCode>
            <stationLon unit="度">121.15</stationLon>
            <stationLat unit="度">22.75</stationLat>
            <distance unit="公里">104.59</distance>
            <azimuth unit="度">276.91</azimuth>
            <stationIntensity unit="級">2</stationIntensity>
            <pga unit="gal">
              <vComponent>2.03</vComponent>
              <nsComponent>3.83</nsComponent>
              <ewComponent>5.32</ewComponent>
            </pga>
            <infoStatus>observe</infoStatus>
            <waveImageURI>https://scweb.cwb.gov.tw/webdata/drawTrace/outcome/2017/2017008/2-TTN.gif</waveImageURI>
          </eqStation>
          <eqStation>
            <stationName>東河</stationName>
            <stationCode>EDH</stationCode>
            <stationLon unit="度">121.30</stationLon>
            <stationLat unit="度">22.97</stationLat>
            <distance unit="公里">119.72</distance>
            <azimuth unit="度">264.36</azimuth>
            <stationIntensity unit="級">2</stationIntensity>
            <pga unit="gal">
              <vComponent>1.26</vComponent>
              <nsComponent>2.99</nsComponent>
              <ewComponent>2.21</ewComponent>
            </pga>
            <infoStatus>observe</infoStatus>
            <waveImageURI>https://scweb.cwb.gov.tw/webdata/drawTrace/outcome/2017/2017008/2-EDH.gif</waveImageURI>
          </eqStation>
          <eqStation>
            <stationName>大武</stationName>
            <stationCode>TAW</stationCode>
            <stationLon unit="度">120.90</stationLon>
            <stationLat unit="度">22.36</stationLat>
            <distance unit="公里">96.47</distance>
            <azimuth unit="度">305.89</azimuth>
            <stationIntensity unit="級">2</stationIntensity>
          </eqStation>
          <eqStation>
            <stationName>池上</stationName>
            <stationCode>ECS</stationCode>
            <stationLon unit="度">121.22</stationLon>
            <stationLat unit="度">23.10</stationLat>
            <distance unit="公里">113.22</distance>
            <azimuth unit="度">257.00</azimuth>
            <stationIntensity unit="級">1</stationIntensity>
            <pga unit="gal">
              <vComponent>1.44</vComponent>
              <nsComponent>2.27</nsComponent>
              <ewComponent>2.09</ewComponent>
            </pga>
            <infoStatus>observe</infoStatus>
            <waveImageURI>https://scweb.cwb.gov.tw/webdata/drawTrace/outcome/2017/2017008/1-ECS.gif</waveImageURI>
          </eqStation>
          <eqStation>
            <stationName>成功</stationName>
            <stationCode>CHK</stationCode>
            <stationLon unit="度">121.37</stationLon>
            <stationLat unit="度">23.10</stationLat>
            <distance unit="公里">128.66</distance>
            <azimuth unit="度">258.46</azimuth>
            <stationIntensity unit="級">1</stationIntensity>
            <pga unit="gal">
              <vComponent>0.96</vComponent>
              <nsComponent>1.50</nsComponent>
              <ewComponent>1.44</ewComponent>
            </pga>
            <infoStatus>observe</infoStatus>
            <waveImageURI>https://scweb.cwb.gov.tw/webdata/drawTrace/outcome/2017/2017008/1-CHK.gif</waveImageURI>
          </eqStation>
          <eqStation>
            <stationName>綠島</stationName>
            <stationCode>LDU</stationCode>
            <stationLon unit="度">121.47</stationLon>
            <stationLat unit="度">22.67</stationLat>
            <distance unit="公里">137.83</distance>
            <azimuth unit="度">278.91</azimuth>
            <stationIntensity unit="級">1</stationIntensity>
            <pga unit="gal">
              <vComponent>0.36</vComponent>
              <nsComponent>0.84</nsComponent>
              <ewComponent>0.54</ewComponent>
            </pga>
            <infoStatus>observe</infoStatus>
            <waveImageURI>https://scweb.cwb.gov.tw/webdata/drawTrace/outcome/2017/2017008/1-LDU.gif</waveImageURI>
          </eqStation>
          <eqStation>
            <stationName>長濱</stationName>
            <stationCode>ECB</stationCode>
            <stationLon unit="度">121.45</stationLon>
            <stationLat unit="度">23.32</stationLat>
            <distance unit="公里">143.01</distance>
            <azimuth unit="度">249.54</azimuth>
            <stationIntensity unit="級">1</stationIntensity>
            <pga unit="gal">
              <vComponent>0.78</vComponent>
              <nsComponent>1.85</nsComponent>
              <ewComponent>1.50</ewComponent>
            </pga>
            <infoStatus>observe</infoStatus>
            <waveImageURI>https://scweb.cwb.gov.tw/webdata/drawTrace/outcome/2017/2017008/1-ECB.gif</waveImageURI>
          </eqStation>
          <eqStation>
            <stationName>蘭嶼</stationName>
            <stationCode>LAY</stationCode>
            <stationLon unit="度">121.56</stationLon>
            <stationLat unit="度">22.04</stationLat>
            <distance unit="公里">172.19</distance>
            <azimuth unit="度">302.25</azimuth>
            <stationIntensity unit="級">1</stationIntensity>
            <pga unit="gal">
              <vComponent>0.36</vComponent>
              <nsComponent>1.08</nsComponent>
              <ewComponent>0.72</ewComponent>
            </pga>
            <infoStatus>observe</infoStatus>
            <waveImageURI>https://scweb.cwb.gov.tw/webdata/drawTrace/outcome/2017/2017008/1-LAY.gif</waveImageURI>
          </eqStation>
        </shakingArea>
        <shakingArea>
          <areaDesc>彰化縣地區</areaDesc>
          <areaName>彰化縣</areaName>
          <areaIntensity unit="級">2</areaIntensity>
          <infoStatus>observe</infoStatus>
          <eqStation>
            <stationName>大城</stationName>
            <stationCode>WTC</stationCode>
            <stationLon unit="度">120.29</stationLon>
            <stationLat unit="度">23.86</stationLat>
            <distance unit="公里">111.48</distance>
            <azimuth unit="度">187.69</azimuth>
            <stationIntensity unit="級">2</stationIntensity>
          </eqStation>
          <eqStation>
            <stationName>二水</stationName>
            <stationCode>WES</stationCode>
            <stationLon unit="度">120.62</stationLon>
            <stationLat unit="度">23.81</stationLat>
            <distance unit="公里">115.56</distance>
            <azimuth unit="度">204.83</azimuth>
            <stationIntensity unit="級">2</stationIntensity>
            <pga unit="gal">
              <vComponent>2.81</vComponent>
              <nsComponent>3.83</nsComponent>
              <ewComponent>4.55</ewComponent>
            </pga>
            <infoStatus>observe</infoStatus>
            <waveImageURI>https://scweb.cwb.gov.tw/webdata/drawTrace/outcome/2017/2017008/2-WES.gif</waveImageURI>
          </eqStation>
          <eqStation>
            <stationName>員林</stationName>
            <stationCode>WYL</stationCode>
            <stationLon unit="度">120.58</stationLon>
            <stationLat unit="度">23.96</stationLat>
            <distance unit="公里">129.41</distance>
            <azimuth unit="度">200.18</azimuth>
            <stationIntensity unit="級">2</stationIntensity>
            <pga unit="gal">
              <vComponent>2.21</vComponent>
              <nsComponent>2.93</nsComponent>
              <ewComponent>2.39</ewComponent>
            </pga>
            <infoStatus>observe</infoStatus>
            <waveImageURI>https://scweb.cwb.gov.tw/webdata/drawTrace/outcome/2017/2017008/2-WYL.gif</waveImageURI>
          </eqStation>
          <eqStation>
            <stationName>彰化市</stationName>
            <stationCode>WCH</stationCode>
            <stationLon unit="度">120.56</stationLon>
            <stationLat unit="度">24.08</stationLat>
            <distance unit="公里">141.37</distance>
            <azimuth unit="度">197.39</azimuth>
            <stationIntensity unit="級">2</stationIntensity>
            <pga unit="gal">
              <vComponent>2.87</vComponent>
              <nsComponent>6.88</nsComponent>
              <ewComponent>5.50</ewComponent>
            </pga>
            <infoStatus>observe</infoStatus>
            <waveImageURI>https://scweb.cwb.gov.tw/webdata/drawTrace/outcome/2017/2017008/2-WCH.gif</waveImageURI>
          </eqStation>
        </shakingArea>
        <shakingArea>
          <areaDesc>南投縣地區</areaDesc>
          <areaName>南投縣</areaName>
          <areaIntensity unit="級">2</areaIntensity>
          <infoStatus>observe</infoStatus>
          <eqStation>
            <stationName>名間</stationName>
            <stationCode>WNT</stationCode>
            <stationLon unit="度">120.69</stationLon>
            <stationLat unit="度">23.88</stationLat>
            <distance unit="公里">125.44</distance>
            <azimuth unit="度">206.59</azimuth>
            <stationIntensity unit="級">2</stationIntensity>
            <pga unit="gal">
              <vComponent>1.26</vComponent>
              <nsComponent>2.63</nsComponent>
              <ewComponent>2.93</ewComponent>
            </pga>
            <infoStatus>observe</infoStatus>
            <waveImageURI>https://scweb.cwb.gov.tw/webdata/drawTrace/outcome/2017/2017008/2-WNT.gif</waveImageURI>
          </eqStation>
          <eqStation>
            <stationName>南投市</stationName>
            <stationCode>WNT1</stationCode>
            <stationLon unit="度">120.68</stationLon>
            <stationLat unit="度">23.91</stationLat>
            <distance unit="公里">127.88</distance>
            <azimuth unit="度">205.41</azimuth>
            <stationIntensity unit="級">2</stationIntensity>
            <pga unit="gal">
              <vComponent>2.63</vComponent>
              <nsComponent>2.27</nsComponent>
              <ewComponent>1.67</ewComponent>
            </pga>
            <infoStatus>observe</infoStatus>
            <waveImageURI>https://scweb.cwb.gov.tw/webdata/drawTrace/outcome/2017/2017008/2-WNT1.gif</waveImageURI>
          </eqStation>
          <eqStation>
            <stationName>魚池</stationName>
            <stationCode>TYC</stationCode>
            <stationLon unit="度">120.87</stationLon>
            <stationLat unit="度">23.91</stationLat>
            <distance unit="公里">137.17</distance>
            <azimuth unit="度">212.78</azimuth>
            <stationIntensity unit="級">1</stationIntensity>
            <pga unit="gal">
              <vComponent>1.02</vComponent>
              <nsComponent>2.21</nsComponent>
              <ewComponent>2.03</ewComponent>
            </pga>
            <infoStatus>observe</infoStatus>
            <waveImageURI>https://scweb.cwb.gov.tw/webdata/drawTrace/outcome/2017/2017008/1-TYC.gif</waveImageURI>
          </eqStation>
          <eqStation>
            <stationName>日月潭</stationName>
            <stationCode>SML</stationCode>
            <stationLon unit="度">120.91</stationLon>
            <stationLat unit="度">23.88</stationLat>
            <distance unit="公里">137.17</distance>
            <azimuth unit="度">214.76</azimuth>
            <stationIntensity unit="級">1</stationIntensity>
            <pga unit="gal">
              <vComponent>1.61</vComponent>
              <nsComponent>2.09</nsComponent>
              <ewComponent>2.15</ewComponent>
            </pga>
            <infoStatus>observe</infoStatus>
            <waveImageURI>https://scweb.cwb.gov.tw/webdata/drawTrace/outcome/2017/2017008/1-SML.gif</waveImageURI>
          </eqStation>
          <eqStation>
            <stationName>埔里</stationName>
            <stationCode>WPL</stationCode>
            <stationLon unit="度">120.96</stationLon>
            <stationLat unit="度">24.01</stationLat>
            <distance unit="公里">152.01</distance>
            <azimuth unit="度">213.17</azimuth>
            <stationIntensity unit="級">1</stationIntensity>
            <pga unit="gal">
              <vComponent>0.66</vComponent>
              <nsComponent>0.66</nsComponent>
              <ewComponent>1.08</ewComponent>
            </pga>
            <infoStatus>observe</infoStatus>
            <waveImageURI>https://scweb.cwb.gov.tw/webdata/drawTrace/outcome/2017/2017008/1-WPL.gif</waveImageURI>
          </eqStation>
          <eqStation>
            <stationName>合歡山</stationName>
            <stationCode>WHF</stationCode>
            <stationLon unit="度">121.27</stationLon>
            <stationLat unit="度">24.14</stationLat>
            <distance unit="公里">182.75</distance>
            <azimuth unit="度">219.13</azimuth>
            <stationIntensity unit="級">1</stationIntensity>
            <pga unit="gal">
              <vComponent>0.66</vComponent>
              <nsComponent>1.61</nsComponent>
              <ewComponent>1.67</ewComponent>
            </pga>
            <infoStatus>observe</infoStatus>
            <waveImageURI>https://scweb.cwb.gov.tw/webdata/drawTrace/outcome/2017/2017008/1-WHF.gif</waveImageURI>
          </eqStation>
        </shakingArea>
        <shakingArea>
          <areaDesc>臺中市地區</areaDesc>
          <areaName>臺中市</areaName>
          <areaIntensity unit="級">2</areaIntensity>
          <infoStatus>observe</infoStatus>
          <eqStation>
            <stationName>大肚</stationName>
            <stationCode>WDD</stationCode>
            <stationLon unit="度">120.56</stationLon>
            <stationLat unit="度">24.13</stationLat>
            <distance unit="公里">146.99</distance>
            <azimuth unit="度">196.70</azimuth>
            <stationIntensity unit="級">2</stationIntensity>
            <pga unit="gal">
              <vComponent>2.27</vComponent>
              <nsComponent>3.05</nsComponent>
              <ewComponent>4.96</ewComponent>
            </pga>
            <infoStatus>observe</infoStatus>
            <waveImageURI>https://scweb.cwb.gov.tw/webdata/drawTrace/outcome/2017/2017008/2-WDD.gif</waveImageURI>
          </eqStation>
          <eqStation>
            <stationName>霧峰</stationName>
            <stationCode>WWF</stationCode>
            <stationLon unit="度">120.70</stationLon>
            <stationLat unit="度">24.04</stationLat>
            <distance unit="公里">142.37</distance>
            <azimuth unit="度">203.48</azimuth>
            <stationIntensity unit="級">1</stationIntensity>
            <pga unit="gal">
              <vComponent>1.67</vComponent>
              <nsComponent>2.09</nsComponent>
              <ewComponent>1.91</ewComponent>
            </pga>
            <infoStatus>observe</infoStatus>
            <waveImageURI>https://scweb.cwb.gov.tw/webdata/drawTrace/outcome/2017/2017008/1-WWF.gif</waveImageURI>
          </eqStation>
          <eqStation>
            <stationName>臺中市</stationName>
            <stationCode>TCU</stationCode>
            <stationLon unit="度">120.68</stationLon>
            <stationLat unit="度">24.15</stationLat>
            <distance unit="公里">152.37</distance>
            <azimuth unit="度">201.25</azimuth>
            <stationIntensity unit="級">1</stationIntensity>
            <pga unit="gal">
              <vComponent>0.60</vComponent>
              <nsComponent>1.50</nsComponent>
              <ewComponent>1.32</ewComponent>
            </pga>
            <infoStatus>observe</infoStatus>
            <waveImageURI>https://scweb.cwb.gov.tw/webdata/drawTrace/outcome/2017/2017008/1-TCU.gif</waveImageURI>
          </eqStation>
          <eqStation>
            <stationName>東勢</stationName>
            <stationCode>WDS</stationCode>
            <stationLon unit="度">120.83</stationLon>
            <stationLat unit="度">24.26</stationLat>
            <distance unit="公里">169.71</distance>
            <azimuth unit="度">204.42</azimuth>
            <stationIntensity unit="級">1</stationIntensity>
            <pga unit="gal">
              <vComponent>0.78</vComponent>
              <nsComponent>1.32</nsComponent>
              <ewComponent>1.50</ewComponent>
            </pga>
            <infoStatus>observe</infoStatus>
            <waveImageURI>https://scweb.cwb.gov.tw/webdata/drawTrace/outcome/2017/2017008/1-WDS.gif</waveImageURI>
          </eqStation>
          <eqStation>
            <stationName>外埔</stationName>
            <stationCode>WYP</stationCode>
            <stationLon unit="度">120.65</stationLon>
            <stationLat unit="度">24.33</stationLat>
            <distance unit="公里">170.94</distance>
            <azimuth unit="度">197.73</azimuth>
            <stationIntensity unit="級">1</stationIntensity>
            <pga unit="gal">
              <vComponent>0.48</vComponent>
              <nsComponent>1.61</nsComponent>
              <ewComponent>1.32</ewComponent>
            </pga>
            <infoStatus>observe</infoStatus>
            <waveImageURI>https://scweb.cwb.gov.tw/webdata/drawTrace/outcome/2017/2017008/1-WYP.gif</waveImageURI>
          </eqStation>
          <eqStation>
            <stationName>德基</stationName>
            <stationCode>TWT</stationCode>
            <stationLon unit="度">121.16</stationLon>
            <stationLat unit="度">24.25</stationLat>
            <distance unit="公里">185.37</distance>
            <azimuth unit="度">214.11</azimuth>
            <stationIntensity unit="級">1</stationIntensity>
            <pga unit="gal">
              <vComponent>0.60</vComponent>
              <nsComponent>1.26</nsComponent>
              <ewComponent>0.96</ewComponent>
            </pga>
            <infoStatus>observe</infoStatus>
            <waveImageURI>https://scweb.cwb.gov.tw/webdata/drawTrace/outcome/2017/2017008/1-TWT.gif</waveImageURI>
          </eqStation>
        </shakingArea>
        <shakingArea>
          <areaDesc>花蓮縣地區</areaDesc>
          <areaName>花蓮縣</areaName>
          <areaIntensity unit="級">1</areaIntensity>
          <infoStatus>observe</infoStatus>
          <eqStation>
            <stationName>紅葉</stationName>
            <stationCode>EHY</stationCode>
            <stationLon unit="度">121.33</stationLon>
            <stationLat unit="度">23.50</stationLat>
            <distance unit="公里">140.44</distance>
            <azimuth unit="度">239.73</azimuth>
            <stationIntensity unit="級">1</stationIntensity>
            <pga unit="gal">
              <vComponent>1.14</vComponent>
              <nsComponent>2.27</nsComponent>
              <ewComponent>1.26</ewComponent>
            </pga>
            <infoStatus>observe</infoStatus>
            <waveImageURI>https://scweb.cwb.gov.tw/webdata/drawTrace/outcome/2017/2017008/1-EHY.gif</waveImageURI>
          </eqStation>
          <eqStation>
            <stationName>光復</stationName>
            <stationCode>EGF</stationCode>
            <stationLon unit="度">121.48</stationLon>
            <stationLat unit="度">23.68</stationLat>
            <distance unit="公里">164.39</distance>
            <azimuth unit="度">236.46</azimuth>
            <stationIntensity unit="級">1</stationIntensity>
            <pga unit="gal">
              <vComponent>0.72</vComponent>
              <nsComponent>1.26</nsComponent>
              <ewComponent>1.38</ewComponent>
            </pga>
            <infoStatus>observe</infoStatus>
            <waveImageURI>https://scweb.cwb.gov.tw/webdata/drawTrace/outcome/2017/2017008/1-EGF.gif</waveImageURI>
          </eqStation>
          <eqStation>
            <stationName>壽豐</stationName>
            <stationCode>ESF</stationCode>
            <stationLon unit="度">121.51</stationLon>
            <stationLat unit="度">23.87</stationLat>
            <distance unit="公里">178.55</distance>
            <azimuth unit="度">231.36</azimuth>
            <stationIntensity unit="級">1</stationIntensity>
            <pga unit="gal">
              <vComponent>0.42</vComponent>
              <nsComponent>0.96</nsComponent>
              <ewComponent>0.96</ewComponent>
            </pga>
            <infoStatus>observe</infoStatus>
            <waveImageURI>https://scweb.cwb.gov.tw/webdata/drawTrace/outcome/2017/2017008/1-ESF.gif</waveImageURI>
          </eqStation>
          <eqStation>
            <stationName>銅門</stationName>
            <stationCode>ETM</stationCode>
            <stationLon unit="度">121.49</stationLon>
            <stationLat unit="度">23.97</stationLat>
            <distance unit="公里">184.15</distance>
            <azimuth unit="度">228.50</azimuth>
            <stationIntensity unit="級">1</stationIntensity>
            <pga unit="gal">
              <vComponent>0.48</vComponent>
              <nsComponent>0.84</nsComponent>
              <ewComponent>0.66</ewComponent>
            </pga>
            <infoStatus>observe</infoStatus>
            <waveImageURI>https://scweb.cwb.gov.tw/webdata/drawTrace/outcome/2017/2017008/1-ETM.gif</waveImageURI>
          </eqStation>
          <eqStation>
            <stationName>鹽寮</stationName>
            <stationCode>EYL</stationCode>
            <stationLon unit="度">121.60</stationLon>
            <stationLat unit="度">23.90</stationLat>
            <distance unit="公里">188.41</distance>
            <azimuth unit="度">232.32</azimuth>
            <stationIntensity unit="級">1</stationIntensity>
            <pga unit="gal">
              <vComponent>0.60</vComponent>
              <nsComponent>0.78</nsComponent>
              <ewComponent>0.84</ewComponent>
            </pga>
            <infoStatus>observe</infoStatus>
            <waveImageURI>https://scweb.cwb.gov.tw/webdata/drawTrace/outcome/2017/2017008/1-EYL.gif</waveImageURI>
          </eqStation>
          <eqStation>
            <stationName>花蓮市</stationName>
            <stationCode>HWA</stationCode>
            <stationLon unit="度">121.61</stationLon>
            <stationLat unit="度">23.98</stationLat>
            <distance unit="公里">194.23</distance>
            <azimuth unit="度">230.67</azimuth>
            <stationIntensity unit="級">1</stationIntensity>
            <pga unit="gal">
              <vComponent>0.42</vComponent>
              <nsComponent>0.78</nsComponent>
              <ewComponent>1.02</ewComponent>
            </pga>
            <infoStatus>observe</infoStatus>
            <waveImageURI>https://scweb.cwb.gov.tw/webdata/drawTrace/outcome/2017/2017008/1-HWA.gif</waveImageURI>
          </eqStation>
        </shakingArea>
        <shakingArea>
          <areaDesc>苗栗縣地區</areaDesc>
          <areaName>苗栗縣</areaName>
          <areaIntensity unit="級">1</areaIntensity>
          <infoStatus>observe</infoStatus>
          <eqStation>
            <stationName>鯉魚潭</stationName>
            <stationCode>TWQ1</stationCode>
            <stationLon unit="度">120.78</stationLon>
            <stationLat unit="度">24.35</stationLat>
            <distance unit="公里">176.71</distance>
            <azimuth unit="度">201.61</azimuth>
            <stationIntensity unit="級">1</stationIntensity>
            <pga unit="gal">
              <vComponent>1.02</vComponent>
              <nsComponent>1.79</nsComponent>
              <ewComponent>1.61</ewComponent>
            </pga>
            <infoStatus>observe</infoStatus>
            <waveImageURI>https://scweb.cwb.gov.tw/webdata/drawTrace/outcome/2017/2017008/1-TWQ1.gif</waveImageURI>
          </eqStation>
          <eqStation>
            <stationName>三義</stationName>
            <stationCode>NSY</stationCode>
            <stationLon unit="度">120.77</stationLon>
            <stationLat unit="度">24.41</stationLat>
            <distance unit="公里">183.31</distance>
            <azimuth unit="度">200.40</azimuth>
            <stationIntensity unit="級">1</stationIntensity>
            <pga unit="gal">
              <vComponent>0.54</vComponent>
              <nsComponent>1.20</nsComponent>
              <ewComponent>0.78</ewComponent>
            </pga>
            <infoStatus>observe</infoStatus>
            <waveImageURI>https://scweb.cwb.gov.tw/webdata/drawTrace/outcome/2017/2017008/1-NSY.gif</waveImageURI>
          </eqStation>
          <eqStation>
            <stationName>苗栗市</stationName>
            <stationCode>NML</stationCode>
            <stationLon unit="度">120.83</stationLon>
            <stationLat unit="度">24.57</stationLat>
            <distance unit="公里">200.97</distance>
            <azimuth unit="度">200.26</azimuth>
            <stationIntensity unit="級">1</stationIntensity>
            <pga unit="gal">
              <vComponent>0.42</vComponent>
              <nsComponent>0.84</nsComponent>
              <ewComponent>1.08</ewComponent>
            </pga>
            <infoStatus>observe</infoStatus>
            <waveImageURI>https://scweb.cwb.gov.tw/webdata/drawTrace/outcome/2017/2017008/1-NML.gif</waveImageURI>
          </eqStation>
          <eqStation>
            <stationName>獅潭</stationName>
            <stationCode>NSD</stationCode>
            <stationLon unit="度">120.92</stationLon>
            <stationLat unit="度">24.54</stationLat>
            <distance unit="公里">201.98</distance>
            <azimuth unit="度">203.11</azimuth>
            <stationIntensity unit="級">1</stationIntensity>
            <pga unit="gal">
              <vComponent>0.36</vComponent>
              <nsComponent>1.20</nsComponent>
              <ewComponent>0.72</ewComponent>
            </pga>
            <infoStatus>observe</infoStatus>
            <waveImageURI>https://scweb.cwb.gov.tw/webdata/drawTrace/outcome/2017/2017008/1-NSD.gif</waveImageURI>
          </eqStation>
          <eqStation>
            <stationName>竹南</stationName>
            <stationCode>NJN</stationCode>
            <stationLon unit="度">120.87</stationLon>
            <stationLat unit="度">24.68</stationLat>
            <distance unit="公里">214.88</distance>
            <azimuth unit="度">200.17</azimuth>
            <stationIntensity unit="級">1</stationIntensity>
            <pga unit="gal">
              <vComponent>0.72</vComponent>
              <nsComponent>2.09</nsComponent>
              <ewComponent>1.56</ewComponent>
            </pga>
            <infoStatus>observe</infoStatus>
            <waveImageURI>https://scweb.cwb.gov.tw/webdata/drawTrace/outcome/2017/2017008/1-NJN.gif</waveImageURI>
          </eqStation>
        </shakingArea>
        <shakingArea>
          <areaDesc>新竹縣地區</areaDesc>
          <areaName>新竹縣</areaName>
          <areaIntensity unit="級">1</areaIntensity>
          <infoStatus>observe</infoStatus>
          <eqStation>
            <stationName>竹東</stationName>
            <stationCode>NJD</stationCode>
            <stationLon unit="度">121.09</stationLon>
            <stationLat unit="度">24.74</stationLat>
            <distance unit="公里">228.74</distance>
            <azimuth unit="度">204.89</azimuth>
            <stationIntensity unit="級">1</stationIntensity>
            <pga unit="gal">
              <vComponent>0.42</vComponent>
              <nsComponent>1.14</nsComponent>
              <ewComponent>0.72</ewComponent>
            </pga>
            <infoStatus>observe</infoStatus>
            <waveImageURI>https://scweb.cwb.gov.tw/webdata/drawTrace/outcome/2017/2017008/1-NJD.gif</waveImageURI>
          </eqStation>
        </shakingArea>
        <shakingArea>
          <areaDesc>宜蘭縣地區</areaDesc>
          <areaName>宜蘭縣</areaName>
          <areaIntensity unit="級">1</areaIntensity>
          <infoStatus>observe</infoStatus>
          <eqStation>
            <stationName>羅東</stationName>
            <stationCode>NLD</stationCode>
            <stationLon unit="度">121.77</stationLon>
            <stationLat unit="度">24.67</stationLat>
            <distance unit="公里">260.40</distance>
            <azimuth unit="度">219.63</azimuth>
            <stationIntensity unit="級">1</stationIntensity>
            <pga unit="gal">
              <vComponent>0.48</vComponent>
              <nsComponent>0.78</nsComponent>
              <ewComponent>0.90</ewComponent>
            </pga>
            <infoStatus>observe</infoStatus>
            <waveImageURI>https://scweb.cwb.gov.tw/webdata/drawTrace/outcome/2017/2017008/1-NLD.gif</waveImageURI>
          </eqStation>
        </shakingArea>
        <shakingArea>
          <areaDesc>最大震度6級地區</areaDesc>
          <areaName>臺南市</areaName>
          <areaIntensity unit="級">6</areaIntensity>
        </shakingArea>
        <shakingArea>
          <areaDesc>最大震度4級地區</areaDesc>
          <areaName>高雄市</areaName>
          <areaIntensity unit="級">4</areaIntensity>
        </shakingArea>
        <shakingArea>
          <areaDesc>最大震度3級地區</areaDesc>
          <areaName>屏東縣、嘉義縣、嘉義市、雲林縣</areaName>
          <areaIntensity unit="級">3</areaIntensity>
        </shakingArea>
        <shakingArea>
          <areaDesc>最大震度2級地區</areaDesc>
          <areaName>澎湖縣、臺東縣、彰化縣、南投縣、臺中市</areaName>
          <areaIntensity unit="級">2</areaIntensity>
        </shakingArea>
        <shakingArea>
          <areaDesc>最大震度1級地區</areaDesc>
          <areaName>花蓮縣、苗栗縣、新竹縣、宜蘭縣</areaName>
          <areaIntensity unit="級">1</areaIntensity>
        </shakingArea>
      </intensity>
      <reportRemark>花蓮縣、苗栗縣、新竹縣、宜蘭縣</reportRemark>
    </earthquake>
  </dataset>
</cwbopendata>