﻿<?xml version="1.0" encoding="UTF-8" ?>
<cwbopendata xmlns="urn:cwb:gov:tw:cwbcommon:0.1">
  <identifier>CWB-EQ106004-2017-0108-035223</identifier>
  <sender>CWB_SC@scman.cwb.gov.tw</sender>
  <sent>2018-09-10T18:04:41+08:00</sent>
  <status>Actual</status>
  <msgType>Issue</msgType>
  <source>CWB</source>
  <scope>Public</scope>
  <dataset>
    <datasetInfo>
      <datasetDescription>地震報告</datasetDescription>
      <datasetLanguage>zh-TW</datasetLanguage>
      <issueTime>2018-09-10T18:04:41+08:00</issueTime>
      <validTime><endTime>2018-09-11T02:04:41+08:00</endTime></validTime>
    </datasetInfo>
    <earthquake>
      <reportType>地震報告</reportType>
      <earthquakeNo>106004</earthquakeNo>
      <reportContent>01/08-03:52臺灣東部海域發生規模3.4有感地震，最大震度臺東縣成功3級。</reportContent>
      <reportColor>綠色</reportColor>
      <web>https://scweb.cwb.gov.tw/GraphicContent.aspx?ItemId=49&amp;fileString=2017010803522334004</web>
      <reportImageURI>https://scweb.cwb.gov.tw/webdata/OLDEQ/201701/2017010803522334004.gif</reportImageURI>
      <shakemapImageURI>https://scweb.cwb.gov.tw/webdata/drawTrace/plotContour/2017/2017004.gif</shakemapImageURI>
      <earthquakeInfo>
        <originTime>2017-01-08T03:52:23+08:00</originTime>
        <epicenter>
          <epicenterLon unit="度">121.45</epicenterLon>
          <epicenterLat unit="度">23.03</epicenterLat>
          <location>臺東縣政府東北方  42.9  公里 (位於臺灣東部海域)</location>
        </epicenter>
        <depth unit="公里">11.6</depth>
        <magnitude>
          <magnitudeType>芮氏規模</magnitudeType>
          <magnitudeValue>3.4</magnitudeValue>
        </magnitude>
        <source>中央氣象局</source>
      </earthquakeInfo>
      <intensity>
        <shakingArea>
          <areaDesc>臺東縣地區</areaDesc>
          <areaName>臺東縣</areaName>
          <areaIntensity unit="級">3</areaIntensity>
          <infoStatus>observe</infoStatus>
          <eqStation>
            <stationName>成功</stationName>
            <stationCode>CHK</stationCode>
            <stationLon unit="度">121.37</stationLon>
            <stationLat unit="度">23.10</stationLat>
            <distance unit="公里">10.92</distance>
            <azimuth unit="度">135.37</azimuth>
            <stationIntensity unit="級">3</stationIntensity>
            <pga unit="gal">
              <vComponent>4.61</vComponent>
              <nsComponent>18.90</nsComponent>
              <ewComponent>20.82</ewComponent>
            </pga>
            <infoStatus>observe</infoStatus>
            <waveImageURI>https://scweb.cwb.gov.tw/webdata/drawTrace/outcome/2017/2017004/3-CHK.gif</waveImageURI>
          </eqStation>
          <eqStation>
            <stationName>東河</stationName>
            <stationCode>EDH</stationCode>
            <stationLon unit="度">121.30</stationLon>
            <stationLat unit="度">22.97</stationLat>
            <distance unit="公里">15.91</distance>
            <azimuth unit="度">67.03</azimuth>
            <stationIntensity unit="級">3</stationIntensity>
            <pga unit="gal">
              <vComponent>6.04</vComponent>
              <nsComponent>12.74</nsComponent>
              <ewComponent>5.86</ewComponent>
            </pga>
            <infoStatus>observe</infoStatus>
            <waveImageURI>https://scweb.cwb.gov.tw/webdata/drawTrace/outcome/2017/2017004/3-EDH.gif</waveImageURI>
          </eqStation>
          <eqStation>
            <stationName>池上</stationName>
            <stationCode>ECS</stationCode>
            <stationLon unit="度">121.22</stationLon>
            <stationLat unit="度">23.10</stationLat>
            <distance unit="公里">24.58</distance>
            <azimuth unit="度">107.77</azimuth>
            <stationIntensity unit="級">2</stationIntensity>
            <pga unit="gal">
              <vComponent>5.62</vComponent>
              <nsComponent>5.92</nsComponent>
              <ewComponent>6.82</ewComponent>
            </pga>
            <infoStatus>observe</infoStatus>
            <waveImageURI>https://scweb.cwb.gov.tw/webdata/drawTrace/outcome/2017/2017004/2-ECS.gif</waveImageURI>
          </eqStation>
        </shakingArea>
        <shakingArea>
          <areaDesc>最大震度3級地區</areaDesc>
          <areaName>臺東縣</areaName>
          <areaIntensity unit="級">3</areaIntensity>
        </shakingArea>
      </intensity>
      <reportRemark>臺東縣</reportRemark>
    </earthquake>
  </dataset>
</cwbopendata>