﻿<?xml version="1.0" encoding="UTF-8" ?>
<cwbopendata xmlns="urn:cwb:gov:tw:cwbcommon:0.1">
  <identifier>CWB-EQ106054-2017-1112-065420</identifier>
  <sender>CWB_SC@scman.cwb.gov.tw</sender>
  <sent>2018-09-10T18:18:37+08:00</sent>
  <status>Actual</status>
  <msgType>Issue</msgType>
  <source>CWB</source>
  <scope>Public</scope>
  <dataset>
    <datasetInfo>
      <datasetDescription>地震報告</datasetDescription>
      <datasetLanguage>zh-TW</datasetLanguage>
      <issueTime>2018-09-10T18:18:37+08:00</issueTime>
      <validTime><endTime>2018-09-11T02:18:37+08:00</endTime></validTime>
    </datasetInfo>
    <earthquake>
      <reportType>地震報告</reportType>
      <earthquakeNo>106054</earthquakeNo>
      <reportContent>11/12-06:54臺灣東部海域發生規模4.6有感地震，最大震度宜蘭縣龜山島3級。</reportContent>
      <reportColor>綠色</reportColor>
      <web>https://scweb.cwb.gov.tw/GraphicContent.aspx?ItemId=49&amp;fileString=2017111206542046054</web>
      <reportImageURI>https://scweb.cwb.gov.tw/webdata/OLDEQ/201711/2017111206542046054.gif</reportImageURI>
      <shakemapImageURI>https://scweb.cwb.gov.tw/webdata/drawTrace/plotContour/2017/2017054.gif</shakemapImageURI>
      <earthquakeInfo>
        <originTime>2017-11-12T06:54:20+08:00</originTime>
        <epicenter>
          <epicenterLon unit="度">122.01</epicenterLon>
          <epicenterLat unit="度">24.70</epicenterLat>
          <location>宜蘭縣政府東方  24.8  公里 (位於臺灣東部海域)</location>
        </epicenter>
        <depth unit="公里">71.4</depth>
        <magnitude>
          <magnitudeType>芮氏規模</magnitudeType>
          <magnitudeValue>4.6</magnitudeValue>
        </magnitude>
        <source>中央氣象局</source>
      </earthquakeInfo>
      <intensity>
        <shakingArea>
          <areaDesc>宜蘭縣地區</areaDesc>
          <areaName>宜蘭縣</areaName>
          <areaIntensity unit="級">3</areaIntensity>
          <infoStatus>observe</infoStatus>
          <eqStation>
            <stationName>龜山島</stationName>
            <stationCode>EGS</stationCode>
            <stationLon unit="度">121.94</stationLon>
            <stationLat unit="度">24.84</stationLat>
            <distance unit="公里">17.26</distance>
            <azimuth unit="度">158.95</azimuth>
            <stationIntensity unit="級">3</stationIntensity>
          </eqStation>
          <eqStation>
            <stationName>南澳</stationName>
            <stationCode>ENA</stationCode>
            <stationLon unit="度">121.75</stationLon>
            <stationLat unit="度">24.43</stationLat>
            <distance unit="公里">39.71</distance>
            <azimuth unit="度">40.77</azimuth>
            <stationIntensity unit="級">3</stationIntensity>
            <pga unit="gal">
              <vComponent>2.57</vComponent>
              <nsComponent>8.31</nsComponent>
              <ewComponent>6.10</ewComponent>
            </pga>
            <infoStatus>observe</infoStatus>
            <waveImageURI>https://scweb.cwb.gov.tw/webdata/drawTrace/outcome/2017/2017054/3-ENA.gif</waveImageURI>
          </eqStation>
          <eqStation>
            <stationName>內城</stationName>
            <stationCode>TWE</stationCode>
            <stationLon unit="度">121.68</stationLon>
            <stationLat unit="度">24.72</stationLat>
            <distance unit="公里">32.69</distance>
            <azimuth unit="度">94.16</azimuth>
            <stationIntensity unit="級">2</stationIntensity>
          </eqStation>
          <eqStation>
            <stationName>牛鬥</stationName>
            <stationCode>ENT</stationCode>
            <stationLon unit="度">121.57</stationLon>
            <stationLat unit="度">24.64</stationLat>
            <distance unit="公里">44.15</distance>
            <azimuth unit="度">81.39</azimuth>
            <stationIntensity unit="級">2</stationIntensity>
            <pga unit="gal">
              <vComponent>1.73</vComponent>
              <nsComponent>6.64</nsComponent>
              <ewComponent>5.32</ewComponent>
            </pga>
            <infoStatus>observe</infoStatus>
            <waveImageURI>https://scweb.cwb.gov.tw/webdata/drawTrace/outcome/2017/2017054/2-ENT.gif</waveImageURI>
          </eqStation>
          <eqStation>
            <stationName>蘇澳</stationName>
            <stationCode>TWC</stationCode>
            <stationLon unit="度">121.86</stationLon>
            <stationLat unit="度">24.61</stationLat>
            <distance unit="公里">17.71</distance>
            <azimuth unit="度">56.26</azimuth>
            <stationIntensity unit="級">1</stationIntensity>
            <pga unit="gal">
              <vComponent>0.54</vComponent>
              <nsComponent>1.08</nsComponent>
              <ewComponent>0.84</ewComponent>
            </pga>
            <infoStatus>observe</infoStatus>
            <waveImageURI>https://scweb.cwb.gov.tw/webdata/drawTrace/outcome/2017/2017054/1-TWC.gif</waveImageURI>
          </eqStation>
          <eqStation>
            <stationName>羅東</stationName>
            <stationCode>NLD</stationCode>
            <stationLon unit="度">121.77</stationLon>
            <stationLat unit="度">24.67</stationLat>
            <distance unit="公里">23.64</distance>
            <azimuth unit="度">83.66</azimuth>
            <stationIntensity unit="級">1</stationIntensity>
            <pga unit="gal">
              <vComponent>1.67</vComponent>
              <nsComponent>1.56</nsComponent>
              <ewComponent>1.79</ewComponent>
            </pga>
            <infoStatus>observe</infoStatus>
            <waveImageURI>https://scweb.cwb.gov.tw/webdata/drawTrace/outcome/2017/2017054/1-NLD.gif</waveImageURI>
          </eqStation>
          <eqStation>
            <stationName>宜蘭市</stationName>
            <stationCode>ILA</stationCode>
            <stationLon unit="度">121.76</stationLon>
            <stationLat unit="度">24.76</stationLat>
            <distance unit="公里">26.23</distance>
            <azimuth unit="度">106.38</azimuth>
            <stationIntensity unit="級">1</stationIntensity>
            <pga unit="gal">
              <vComponent>1.32</vComponent>
              <nsComponent>1.61</nsComponent>
              <ewComponent>1.44</ewComponent>
            </pga>
            <infoStatus>observe</infoStatus>
            <waveImageURI>https://scweb.cwb.gov.tw/webdata/drawTrace/outcome/2017/2017054/1-ILA.gif</waveImageURI>
          </eqStation>
          <eqStation>
            <stationName>南山</stationName>
            <stationCode>NNS</stationCode>
            <stationLon unit="度">121.38</stationLon>
            <stationLat unit="度">24.44</stationLat>
            <distance unit="公里">69.42</distance>
            <azimuth unit="度">65.51</azimuth>
            <stationIntensity unit="級">1</stationIntensity>
            <pga unit="gal">
              <vComponent>0.66</vComponent>
              <nsComponent>1.50</nsComponent>
              <ewComponent>1.08</ewComponent>
            </pga>
            <infoStatus>observe</infoStatus>
            <waveImageURI>https://scweb.cwb.gov.tw/webdata/drawTrace/outcome/2017/2017054/1-NNS.gif</waveImageURI>
          </eqStation>
        </shakingArea>
        <shakingArea>
          <areaDesc>桃園縣地區</areaDesc>
          <areaName>桃園縣</areaName>
          <areaIntensity unit="級">2</areaIntensity>
          <infoStatus>observe</infoStatus>
          <eqStation>
            <stationName>中壢</stationName>
            <stationCode>NCU</stationCode>
            <stationLon unit="度">121.19</stationLon>
            <stationLat unit="度">24.97</stationLat>
            <distance unit="公里">87.25</distance>
            <azimuth unit="度">110.12</azimuth>
            <stationIntensity unit="級">2</stationIntensity>
            <pga unit="gal">
              <vComponent>0.66</vComponent>
              <nsComponent>3.71</nsComponent>
              <ewComponent>1.97</ewComponent>
            </pga>
            <infoStatus>observe</infoStatus>
            <waveImageURI>https://scweb.cwb.gov.tw/webdata/drawTrace/outcome/2017/2017054/2-NCU.gif</waveImageURI>
          </eqStation>
          <eqStation>
            <stationName>三光</stationName>
            <stationCode>NSK</stationCode>
            <stationLon unit="度">121.37</stationLon>
            <stationLat unit="度">24.67</stationLat>
            <distance unit="公里">64.64</distance>
            <azimuth unit="度">87.73</azimuth>
            <stationIntensity unit="級">1</stationIntensity>
            <pga unit="gal">
              <vComponent>0.48</vComponent>
              <nsComponent>1.20</nsComponent>
              <ewComponent>1.20</ewComponent>
            </pga>
            <infoStatus>observe</infoStatus>
            <waveImageURI>https://scweb.cwb.gov.tw/webdata/drawTrace/outcome/2017/2017054/1-NSK.gif</waveImageURI>
          </eqStation>
          <eqStation>
            <stationName>桃園市</stationName>
            <stationCode>NTY</stationCode>
            <stationLon unit="度">121.31</stationLon>
            <stationLat unit="度">25.00</stationLat>
            <distance unit="公里">78.09</distance>
            <azimuth unit="度">115.34</azimuth>
            <stationIntensity unit="級">1</stationIntensity>
            <pga unit="gal">
              <vComponent>0.90</vComponent>
              <nsComponent>2.39</nsComponent>
              <ewComponent>1.79</ewComponent>
            </pga>
            <infoStatus>observe</infoStatus>
            <waveImageURI>https://scweb.cwb.gov.tw/webdata/drawTrace/outcome/2017/2017054/1-NTY.gif</waveImageURI>
          </eqStation>
        </shakingArea>
        <shakingArea>
          <areaDesc>花蓮縣地區</areaDesc>
          <areaName>花蓮縣</areaName>
          <areaIntensity unit="級">1</areaIntensity>
          <infoStatus>observe</infoStatus>
          <eqStation>
            <stationName>和平</stationName>
            <stationCode>EHP</stationCode>
            <stationLon unit="度">121.75</stationLon>
            <stationLat unit="度">24.31</stationLat>
            <distance unit="公里">50.39</distance>
            <azimuth unit="度">30.99</azimuth>
            <stationIntensity unit="級">1</stationIntensity>
            <pga unit="gal">
              <vComponent>1.97</vComponent>
              <nsComponent>1.61</nsComponent>
              <ewComponent>1.79</ewComponent>
            </pga>
            <infoStatus>observe</infoStatus>
            <waveImageURI>https://scweb.cwb.gov.tw/webdata/drawTrace/outcome/2017/2017054/1-EHP.gif</waveImageURI>
          </eqStation>
          <eqStation>
            <stationName>太魯閣</stationName>
            <stationCode>ETL</stationCode>
            <stationLon unit="度">121.62</stationLon>
            <stationLat unit="度">24.16</stationLat>
            <distance unit="公里">71.22</distance>
            <azimuth unit="度">32.95</azimuth>
            <stationIntensity unit="級">1</stationIntensity>
            <pga unit="gal">
              <vComponent>0.78</vComponent>
              <nsComponent>1.73</nsComponent>
              <ewComponent>2.21</ewComponent>
            </pga>
            <infoStatus>observe</infoStatus>
            <waveImageURI>https://scweb.cwb.gov.tw/webdata/drawTrace/outcome/2017/2017054/1-ETL.gif</waveImageURI>
          </eqStation>
        </shakingArea>
        <shakingArea>
          <areaDesc>臺北市地區</areaDesc>
          <areaName>臺北市</areaName>
          <areaIntensity unit="級">1</areaIntensity>
          <infoStatus>observe</infoStatus>
          <eqStation>
            <stationName>臺北市</stationName>
            <stationCode>TAP</stationCode>
            <stationLon unit="度">121.51</stationLon>
            <stationLat unit="度">25.04</stationLat>
            <distance unit="公里">62.36</distance>
            <azimuth unit="度">127.29</azimuth>
            <stationIntensity unit="級">1</stationIntensity>
            <pga unit="gal">
              <vComponent>0.78</vComponent>
              <nsComponent>0.90</nsComponent>
              <ewComponent>0.96</ewComponent>
            </pga>
            <infoStatus>observe</infoStatus>
            <waveImageURI>https://scweb.cwb.gov.tw/webdata/drawTrace/outcome/2017/2017054/1-TAP.gif</waveImageURI>
          </eqStation>
          <eqStation>
            <stationName>信義區</stationName>
            <stationCode>NHY</stationCode>
            <stationLon unit="度">121.57</stationLon>
            <stationLat unit="度">25.04</stationLat>
            <distance unit="公里">58.28</distance>
            <azimuth unit="度">130.92</azimuth>
            <stationIntensity unit="級">1</stationIntensity>
            <pga unit="gal">
              <vComponent>2.21</vComponent>
              <nsComponent>1.50</nsComponent>
              <ewComponent>1.02</ewComponent>
            </pga>
            <infoStatus>observe</infoStatus>
            <waveImageURI>https://scweb.cwb.gov.tw/webdata/drawTrace/outcome/2017/2017054/1-NHY.gif</waveImageURI>
          </eqStation>
        </shakingArea>
        <shakingArea>
          <areaDesc>新北市地區</areaDesc>
          <areaName>新北市</areaName>
          <areaIntensity unit="級">1</areaIntensity>
          <infoStatus>observe</infoStatus>
          <eqStation>
            <stationName>五股</stationName>
            <stationCode>TWS1</stationCode>
            <stationLon unit="度">121.42</stationLon>
            <stationLat unit="度">25.10</stationLat>
            <distance unit="公里">73.96</distance>
            <azimuth unit="度">127.39</azimuth>
            <stationIntensity unit="級">1</stationIntensity>
            <pga unit="gal">
              <vComponent>0.60</vComponent>
              <nsComponent>1.02</nsComponent>
              <ewComponent>1.61</ewComponent>
            </pga>
            <infoStatus>observe</infoStatus>
            <waveImageURI>https://scweb.cwb.gov.tw/webdata/drawTrace/outcome/2017/2017054/1-TWS1.gif</waveImageURI>
          </eqStation>
          <eqStation>
            <stationName>新北市</stationName>
            <stationCode>BAC</stationCode>
            <stationLon unit="度">121.44</stationLon>
            <stationLat unit="度">25.00</stationLat>
            <distance unit="公里">65.98</distance>
            <azimuth unit="度">120.38</azimuth>
            <stationIntensity unit="級">1</stationIntensity>
            <pga unit="gal">
              <vComponent>0.78</vComponent>
              <nsComponent>1.97</nsComponent>
              <ewComponent>1.56</ewComponent>
            </pga>
            <infoStatus>observe</infoStatus>
            <waveImageURI>https://scweb.cwb.gov.tw/webdata/drawTrace/outcome/2017/2017054/1-BAC.gif</waveImageURI>
          </eqStation>
          <eqStation>
            <stationName>新店</stationName>
            <stationCode>NHD</stationCode>
            <stationLon unit="度">121.55</stationLon>
            <stationLat unit="度">24.90</stationLat>
            <distance unit="公里">51.04</distance>
            <azimuth unit="度">116.53</azimuth>
            <stationIntensity unit="級">1</stationIntensity>
            <pga unit="gal">
              <vComponent>0.48</vComponent>
              <nsComponent>1.08</nsComponent>
              <ewComponent>1.08</ewComponent>
            </pga>
            <infoStatus>observe</infoStatus>
            <waveImageURI>https://scweb.cwb.gov.tw/webdata/drawTrace/outcome/2017/2017054/1-NHD.gif</waveImageURI>
          </eqStation>
        </shakingArea>
        <shakingArea>
          <areaDesc>南投縣地區</areaDesc>
          <areaName>南投縣</areaName>
          <areaIntensity unit="級">1</areaIntensity>
          <infoStatus>observe</infoStatus>
          <eqStation>
            <stationName>合歡山</stationName>
            <stationCode>WHF</stationCode>
            <stationLon unit="度">121.27</stationLon>
            <stationLat unit="度">24.14</stationLat>
            <distance unit="公里">96.37</distance>
            <azimuth unit="度">50.42</azimuth>
            <stationIntensity unit="級">1</stationIntensity>
            <pga unit="gal">
              <vComponent>0.30</vComponent>
              <nsComponent>0.78</nsComponent>
              <ewComponent>0.90</ewComponent>
            </pga>
            <infoStatus>observe</infoStatus>
            <waveImageURI>https://scweb.cwb.gov.tw/webdata/drawTrace/outcome/2017/2017054/1-WHF.gif</waveImageURI>
          </eqStation>
        </shakingArea>
        <shakingArea>
          <areaDesc>臺中市地區</areaDesc>
          <areaName>臺中市</areaName>
          <areaIntensity unit="級">1</areaIntensity>
          <infoStatus>observe</infoStatus>
          <eqStation>
            <stationName>德基</stationName>
            <stationCode>TWT</stationCode>
            <stationLon unit="度">121.16</stationLon>
            <stationLat unit="度">24.25</stationLat>
            <distance unit="公里">98.89</distance>
            <azimuth unit="度">59.83</azimuth>
            <stationIntensity unit="級">1</stationIntensity>
            <pga unit="gal">
              <vComponent>0.54</vComponent>
              <nsComponent>1.02</nsComponent>
              <ewComponent>0.72</ewComponent>
            </pga>
            <infoStatus>observe</infoStatus>
            <waveImageURI>https://scweb.cwb.gov.tw/webdata/drawTrace/outcome/2017/2017054/1-TWT.gif</waveImageURI>
          </eqStation>
        </shakingArea>
        <shakingArea>
          <areaDesc>新竹市地區</areaDesc>
          <areaName>新竹市</areaName>
          <areaIntensity unit="級">1</areaIntensity>
          <infoStatus>observe</infoStatus>
          <eqStation>
            <stationName>新竹市</stationName>
            <stationCode>HSN1</stationCode>
            <stationLon unit="度">121.02</stationLon>
            <stationLat unit="度">24.78</stationLat>
            <distance unit="公里">100.22</distance>
            <azimuth unit="度">95.19</azimuth>
            <stationIntensity unit="級">1</stationIntensity>
            <pga unit="gal">
              <vComponent>0.36</vComponent>
              <nsComponent>0.96</nsComponent>
              <ewComponent>1.08</ewComponent>
            </pga>
            <infoStatus>observe</infoStatus>
            <waveImageURI>https://scweb.cwb.gov.tw/webdata/drawTrace/outcome/2017/2017054/1-HSN1.gif</waveImageURI>
          </eqStation>
        </shakingArea>
        <shakingArea>
          <areaDesc>新竹縣地區</areaDesc>
          <areaName>新竹縣</areaName>
          <areaIntensity unit="級">1</areaIntensity>
          <infoStatus>observe</infoStatus>
          <eqStation>
            <stationName>竹北市</stationName>
            <stationCode>HSN</stationCode>
            <stationLon unit="度">121.01</stationLon>
            <stationLat unit="度">24.83</stationLat>
            <distance unit="公里">101.26</distance>
            <azimuth unit="度">98.28</azimuth>
            <stationIntensity unit="級">1</stationIntensity>
            <pga unit="gal">
              <vComponent>0.36</vComponent>
              <nsComponent>0.84</nsComponent>
              <ewComponent>0.48</ewComponent>
            </pga>
            <infoStatus>observe</infoStatus>
            <waveImageURI>https://scweb.cwb.gov.tw/webdata/drawTrace/outcome/2017/2017054/1-HSN.gif</waveImageURI>
          </eqStation>
          <eqStation>
            <stationName>竹東</stationName>
            <stationCode>NJD</stationCode>
            <stationLon unit="度">121.09</stationLon>
            <stationLat unit="度">24.74</stationLat>
            <distance unit="公里">92.87</distance>
            <azimuth unit="度">92.67</azimuth>
            <stationIntensity unit="級">1</stationIntensity>
            <pga unit="gal">
              <vComponent>0.42</vComponent>
              <nsComponent>0.78</nsComponent>
              <ewComponent>1.14</ewComponent>
            </pga>
            <infoStatus>observe</infoStatus>
            <waveImageURI>https://scweb.cwb.gov.tw/webdata/drawTrace/outcome/2017/2017054/1-NJD.gif</waveImageURI>
          </eqStation>
        </shakingArea>
        <shakingArea>
          <areaDesc>苗栗縣地區</areaDesc>
          <areaName>苗栗縣</areaName>
          <areaIntensity unit="級">1</areaIntensity>
          <infoStatus>observe</infoStatus>
          <eqStation>
            <stationName>三義</stationName>
            <stationCode>NSY</stationCode>
            <stationLon unit="度">120.77</stationLon>
            <stationLat unit="度">24.41</stationLat>
            <distance unit="公里">129.02</distance>
            <azimuth unit="度">75.94</azimuth>
            <stationIntensity unit="級">1</stationIntensity>
            <pga unit="gal">
              <vComponent>0.54</vComponent>
              <nsComponent>1.50</nsComponent>
              <ewComponent>0.36</ewComponent>
            </pga>
            <infoStatus>observe</infoStatus>
            <waveImageURI>https://scweb.cwb.gov.tw/webdata/drawTrace/outcome/2017/2017054/1-NSY.gif</waveImageURI>
          </eqStation>
        </shakingArea>
        <shakingArea>
          <areaDesc>最大震度3級地區</areaDesc>
          <areaName>宜蘭縣</areaName>
          <areaIntensity unit="級">3</areaIntensity>
        </shakingArea>
        <shakingArea>
          <areaDesc>最大震度2級地區</areaDesc>
          <areaName>桃園縣</areaName>
          <areaIntensity unit="級">2</areaIntensity>
        </shakingArea>
        <shakingArea>
          <areaDesc>最大震度1級地區</areaDesc>
          <areaName>花蓮縣、臺北市、新北市、南投縣、臺中市、新竹市、新竹縣、苗栗縣</areaName>
          <areaIntensity unit="級">1</areaIntensity>
        </shakingArea>
      </intensity>
      <reportRemark>花蓮縣、臺北市、新北市、南投縣、臺中市、新竹市、新竹縣、苗栗縣</reportRemark>
    </earthquake>
  </dataset>
</cwbopendata>