﻿<?xml version="1.0" encoding="UTF-8" ?>
<cwbopendata xmlns="urn:cwb:gov:tw:cwbcommon:0.1">
  <identifier>CWB-EQ106035-2017-0810-000536</identifier>
  <sender>CWB_SC@scman.cwb.gov.tw</sender>
  <sent>2018-09-10T18:13:35+08:00</sent>
  <status>Actual</status>
  <msgType>Issue</msgType>
  <source>CWB</source>
  <scope>Public</scope>
  <dataset>
    <datasetInfo>
      <datasetDescription>地震報告</datasetDescription>
      <datasetLanguage>zh-TW</datasetLanguage>
      <issueTime>2018-09-10T18:13:35+08:00</issueTime>
      <validTime><endTime>2018-09-11T02:13:35+08:00</endTime></validTime>
    </datasetInfo>
    <earthquake>
      <reportType>地震報告</reportType>
      <earthquakeNo>106035</earthquakeNo>
      <reportContent>08/10-00:05花蓮縣豐濱鄉發生規模4.7有感地震，最大震度花蓮縣紅葉3級。</reportContent>
      <reportColor>綠色</reportColor>
      <web>https://scweb.cwb.gov.tw/GraphicContent.aspx?ItemId=49&amp;fileString=2017081000053647035</web>
      <reportImageURI>https://scweb.cwb.gov.tw/webdata/OLDEQ/201708/2017081000053647035.gif</reportImageURI>
      <shakemapImageURI>https://scweb.cwb.gov.tw/webdata/drawTrace/plotContour/2017/2017035.gif</shakemapImageURI>
      <earthquakeInfo>
        <originTime>2017-08-10T00:05:36+08:00</originTime>
        <epicenter>
          <epicenterLon unit="度">121.43</epicenterLon>
          <epicenterLat unit="度">23.56</epicenterLat>
          <location>花蓮縣政府南偏西方  51.7  公里 (位於花蓮縣豐濱鄉)</location>
        </epicenter>
        <depth unit="公里">31.9</depth>
        <magnitude>
          <magnitudeType>芮氏規模</magnitudeType>
          <magnitudeValue>4.7</magnitudeValue>
        </magnitude>
        <source>中央氣象局</source>
      </earthquakeInfo>
      <intensity>
        <shakingArea>
          <areaDesc>花蓮縣地區</areaDesc>
          <areaName>花蓮縣</areaName>
          <areaIntensity unit="級">3</areaIntensity>
          <infoStatus>observe</infoStatus>
          <eqStation>
            <stationName>紅葉</stationName>
            <stationCode>EHY</stationCode>
            <stationLon unit="度">121.33</stationLon>
            <stationLat unit="度">23.50</stationLat>
            <distance unit="公里">12.26</distance>
            <azimuth unit="度">61.51</azimuth>
            <stationIntensity unit="級">3</stationIntensity>
            <pga unit="gal">
              <vComponent>4.49</vComponent>
              <nsComponent>8.67</nsComponent>
              <ewComponent>9.27</ewComponent>
            </pga>
            <infoStatus>observe</infoStatus>
            <waveImageURI>https://scweb.cwb.gov.tw/webdata/drawTrace/outcome/2017/2017035/3-EHY.gif</waveImageURI>
          </eqStation>
          <eqStation>
            <stationName>光復</stationName>
            <stationCode>EGF</stationCode>
            <stationLon unit="度">121.48</stationLon>
            <stationLat unit="度">23.68</stationLat>
            <distance unit="公里">15.06</distance>
            <azimuth unit="度">199.39</azimuth>
            <stationIntensity unit="級">3</stationIntensity>
            <pga unit="gal">
              <vComponent>7.72</vComponent>
              <nsComponent>20.52</nsComponent>
              <ewComponent>24.17</ewComponent>
            </pga>
            <infoStatus>observe</infoStatus>
            <waveImageURI>https://scweb.cwb.gov.tw/webdata/drawTrace/outcome/2017/2017035/3-EGF.gif</waveImageURI>
          </eqStation>
          <eqStation>
            <stationName>磯崎</stationName>
            <stationCode>EGC</stationCode>
            <stationLon unit="度">121.55</stationLon>
            <stationLat unit="度">23.71</stationLat>
            <distance unit="公里">20.42</distance>
            <azimuth unit="度">214.72</azimuth>
            <stationIntensity unit="級">3</stationIntensity>
            <pga unit="gal">
              <vComponent>6.82</vComponent>
              <nsComponent>13.16</nsComponent>
              <ewComponent>19.02</ewComponent>
            </pga>
            <infoStatus>observe</infoStatus>
            <waveImageURI>https://scweb.cwb.gov.tw/webdata/drawTrace/outcome/2017/2017035/3-EGC.gif</waveImageURI>
          </eqStation>
          <eqStation>
            <stationName>西林</stationName>
            <stationCode>ESL</stationCode>
            <stationLon unit="度">121.44</stationLon>
            <stationLat unit="度">23.81</stationLat>
            <distance unit="公里">28.34</distance>
            <azimuth unit="度">181.65</azimuth>
            <stationIntensity unit="級">3</stationIntensity>
            <pga unit="gal">
              <vComponent>5.20</vComponent>
              <nsComponent>13.58</nsComponent>
              <ewComponent>11.36</ewComponent>
            </pga>
            <infoStatus>observe</infoStatus>
            <waveImageURI>https://scweb.cwb.gov.tw/webdata/drawTrace/outcome/2017/2017035/3-ESL.gif</waveImageURI>
          </eqStation>
          <eqStation>
            <stationName>壽豐</stationName>
            <stationCode>ESF</stationCode>
            <stationLon unit="度">121.51</stationLon>
            <stationLat unit="度">23.87</stationLat>
            <distance unit="公里">35.66</distance>
            <azimuth unit="度">192.18</azimuth>
            <stationIntensity unit="級">2</stationIntensity>
          </eqStation>
          <eqStation>
            <stationName>鹽寮</stationName>
            <stationCode>EYL</stationCode>
            <stationLon unit="度">121.60</stationLon>
            <stationLat unit="度">23.90</stationLat>
            <distance unit="公里">42.18</distance>
            <azimuth unit="度">204.03</azimuth>
            <stationIntensity unit="級">2</stationIntensity>
            <pga unit="gal">
              <vComponent>2.15</vComponent>
              <nsComponent>4.55</nsComponent>
              <ewComponent>4.55</ewComponent>
            </pga>
            <infoStatus>observe</infoStatus>
            <waveImageURI>https://scweb.cwb.gov.tw/webdata/drawTrace/outcome/2017/2017035/2-EYL.gif</waveImageURI>
          </eqStation>
          <eqStation>
            <stationName>銅門</stationName>
            <stationCode>ETM</stationCode>
            <stationLon unit="度">121.49</stationLon>
            <stationLat unit="度">23.97</stationLat>
            <distance unit="公里">45.78</distance>
            <azimuth unit="度">187.59</azimuth>
            <stationIntensity unit="級">2</stationIntensity>
            <pga unit="gal">
              <vComponent>3.11</vComponent>
              <nsComponent>3.17</nsComponent>
              <ewComponent>2.87</ewComponent>
            </pga>
            <infoStatus>observe</infoStatus>
            <waveImageURI>https://scweb.cwb.gov.tw/webdata/drawTrace/outcome/2017/2017035/2-ETM.gif</waveImageURI>
          </eqStation>
          <eqStation>
            <stationName>花蓮市</stationName>
            <stationCode>HWA</stationCode>
            <stationLon unit="度">121.61</stationLon>
            <stationLat unit="度">23.98</stationLat>
            <distance unit="公里">49.95</distance>
            <azimuth unit="度">201.55</azimuth>
            <stationIntensity unit="級">2</stationIntensity>
            <pga unit="gal">
              <vComponent>1.20</vComponent>
              <nsComponent>2.57</nsComponent>
              <ewComponent>3.53</ewComponent>
            </pga>
            <infoStatus>observe</infoStatus>
            <waveImageURI>https://scweb.cwb.gov.tw/webdata/drawTrace/outcome/2017/2017035/2-HWA.gif</waveImageURI>
          </eqStation>
          <eqStation>
            <stationName>太魯閣</stationName>
            <stationCode>ETL</stationCode>
            <stationLon unit="度">121.62</stationLon>
            <stationLat unit="度">24.16</stationLat>
            <distance unit="公里">69.49</distance>
            <azimuth unit="度">196.13</azimuth>
            <stationIntensity unit="級">2</stationIntensity>
            <pga unit="gal">
              <vComponent>1.56</vComponent>
              <nsComponent>2.75</nsComponent>
              <ewComponent>1.56</ewComponent>
            </pga>
            <infoStatus>observe</infoStatus>
            <waveImageURI>https://scweb.cwb.gov.tw/webdata/drawTrace/outcome/2017/2017035/2-ETL.gif</waveImageURI>
          </eqStation>
          <eqStation>
            <stationName>玉里</stationName>
            <stationCode>TWF1</stationCode>
            <stationLon unit="度">121.31</stationLon>
            <stationLat unit="度">23.35</stationLat>
            <distance unit="公里">26.29</distance>
            <azimuth unit="度">29.88</azimuth>
            <stationIntensity unit="級">1</stationIntensity>
            <pga unit="gal">
              <vComponent>2.03</vComponent>
              <nsComponent>1.50</nsComponent>
              <ewComponent>2.27</ewComponent>
            </pga>
            <infoStatus>observe</infoStatus>
            <waveImageURI>https://scweb.cwb.gov.tw/webdata/drawTrace/outcome/2017/2017035/1-TWF1.gif</waveImageURI>
          </eqStation>
          <eqStation>
            <stationName>吉安</stationName>
            <stationCode>EGA</stationCode>
            <stationLon unit="度">121.56</stationLon>
            <stationLat unit="度">23.97</stationLat>
            <distance unit="公里">48.05</distance>
            <azimuth unit="度">195.91</azimuth>
            <stationIntensity unit="級">1</stationIntensity>
            <pga unit="gal">
              <vComponent>1.67</vComponent>
              <nsComponent>1.61</nsComponent>
              <ewComponent>1.61</ewComponent>
            </pga>
            <infoStatus>observe</infoStatus>
            <waveImageURI>https://scweb.cwb.gov.tw/webdata/drawTrace/outcome/2017/2017035/1-EGA.gif</waveImageURI>
          </eqStation>
        </shakingArea>
        <shakingArea>
          <areaDesc>臺東縣地區</areaDesc>
          <areaName>臺東縣</areaName>
          <areaIntensity unit="級">2</areaIntensity>
          <infoStatus>observe</infoStatus>
          <eqStation>
            <stationName>長濱</stationName>
            <stationCode>ECB</stationCode>
            <stationLon unit="度">121.45</stationLon>
            <stationLat unit="度">23.32</stationLat>
            <distance unit="公里">26.71</distance>
            <azimuth unit="度">356.12</azimuth>
            <stationIntensity unit="級">2</stationIntensity>
            <pga unit="gal">
              <vComponent>2.87</vComponent>
              <nsComponent>6.64</nsComponent>
              <ewComponent>6.04</ewComponent>
            </pga>
            <infoStatus>observe</infoStatus>
            <waveImageURI>https://scweb.cwb.gov.tw/webdata/drawTrace/outcome/2017/2017035/2-ECB.gif</waveImageURI>
          </eqStation>
          <eqStation>
            <stationName>成功</stationName>
            <stationCode>CHK</stationCode>
            <stationLon unit="度">121.37</stationLon>
            <stationLat unit="度">23.10</stationLat>
            <distance unit="公里">51.28</distance>
            <azimuth unit="度">6.95</azimuth>
            <stationIntensity unit="級">2</stationIntensity>
            <pga unit="gal">
              <vComponent>1.79</vComponent>
              <nsComponent>4.43</nsComponent>
              <ewComponent>5.02</ewComponent>
            </pga>
            <infoStatus>observe</infoStatus>
            <waveImageURI>https://scweb.cwb.gov.tw/webdata/drawTrace/outcome/2017/2017035/2-CHK.gif</waveImageURI>
          </eqStation>
          <eqStation>
            <stationName>利稻</stationName>
            <stationCode>ELD</stationCode>
            <stationLon unit="度">121.03</stationLon>
            <stationLat unit="度">23.19</stationLat>
            <distance unit="公里">58.50</distance>
            <azimuth unit="度">45.52</azimuth>
            <stationIntensity unit="級">2</stationIntensity>
            <pga unit="gal">
              <vComponent>2.15</vComponent>
              <nsComponent>3.47</nsComponent>
              <ewComponent>4.37</ewComponent>
            </pga>
            <infoStatus>observe</infoStatus>
            <waveImageURI>https://scweb.cwb.gov.tw/webdata/drawTrace/outcome/2017/2017035/2-ELD.gif</waveImageURI>
          </eqStation>
          <eqStation>
            <stationName>東河</stationName>
            <stationCode>EDH</stationCode>
            <stationLon unit="度">121.30</stationLon>
            <stationLat unit="度">22.97</stationLat>
            <distance unit="公里">66.20</distance>
            <azimuth unit="度">11.47</azimuth>
            <stationIntensity unit="級">2</stationIntensity>
            <pga unit="gal">
              <vComponent>1.02</vComponent>
              <nsComponent>2.69</nsComponent>
              <ewComponent>1.73</ewComponent>
            </pga>
            <infoStatus>observe</infoStatus>
            <waveImageURI>https://scweb.cwb.gov.tw/webdata/drawTrace/outcome/2017/2017035/2-EDH.gif</waveImageURI>
          </eqStation>
          <eqStation>
            <stationName>池上</stationName>
            <stationCode>ECS</stationCode>
            <stationLon unit="度">121.22</stationLon>
            <stationLat unit="度">23.10</stationLat>
            <distance unit="公里">55.66</distance>
            <azimuth unit="度">23.19</azimuth>
            <stationIntensity unit="級">1</stationIntensity>
            <pga unit="gal">
              <vComponent>0.96</vComponent>
              <nsComponent>1.67</nsComponent>
              <ewComponent>1.73</ewComponent>
            </pga>
            <infoStatus>observe</infoStatus>
            <waveImageURI>https://scweb.cwb.gov.tw/webdata/drawTrace/outcome/2017/2017035/1-ECS.gif</waveImageURI>
          </eqStation>
          <eqStation>
            <stationName>初鹿</stationName>
            <stationCode>ECU</stationCode>
            <stationLon unit="度">121.09</stationLon>
            <stationLat unit="度">22.86</stationLat>
            <distance unit="公里">84.85</distance>
            <azimuth unit="度">24.35</azimuth>
            <stationIntensity unit="級">1</stationIntensity>
            <pga unit="gal">
              <vComponent>0.54</vComponent>
              <nsComponent>0.48</nsComponent>
              <ewComponent>1.08</ewComponent>
            </pga>
            <infoStatus>observe</infoStatus>
            <waveImageURI>https://scweb.cwb.gov.tw/webdata/drawTrace/outcome/2017/2017035/1-ECU.gif</waveImageURI>
          </eqStation>
        </shakingArea>
        <shakingArea>
          <areaDesc>雲林縣地區</areaDesc>
          <areaName>雲林縣</areaName>
          <areaIntensity unit="級">2</areaIntensity>
          <infoStatus>observe</infoStatus>
          <eqStation>
            <stationName>草嶺</stationName>
            <stationCode>CHN5</stationCode>
            <stationLon unit="度">120.68</stationLon>
            <stationLat unit="度">23.60</stationLat>
            <distance unit="公里">77.32</distance>
            <azimuth unit="度">93.36</azimuth>
            <stationIntensity unit="級">2</stationIntensity>
            <pga unit="gal">
              <vComponent>0.84</vComponent>
              <nsComponent>1.61</nsComponent>
              <ewComponent>2.69</ewComponent>
            </pga>
            <infoStatus>observe</infoStatus>
            <waveImageURI>https://scweb.cwb.gov.tw/webdata/drawTrace/outcome/2017/2017035/2-CHN5.gif</waveImageURI>
          </eqStation>
          <eqStation>
            <stationName>古坑</stationName>
            <stationCode>WGK</stationCode>
            <stationLon unit="度">120.57</stationLon>
            <stationLat unit="度">23.68</stationLat>
            <distance unit="公里">89.21</distance>
            <azimuth unit="度">99.16</azimuth>
            <stationIntensity unit="級">2</stationIntensity>
            <pga unit="gal">
              <vComponent>0.84</vComponent>
              <nsComponent>2.21</nsComponent>
              <ewComponent>2.51</ewComponent>
            </pga>
            <infoStatus>observe</infoStatus>
            <waveImageURI>https://scweb.cwb.gov.tw/webdata/drawTrace/outcome/2017/2017035/2-WGK.gif</waveImageURI>
          </eqStation>
          <eqStation>
            <stationName>斗六市</stationName>
            <stationCode>WDL</stationCode>
            <stationLon unit="度">120.54</stationLon>
            <stationLat unit="度">23.72</stationLat>
            <distance unit="公里">92.99</distance>
            <azimuth unit="度">100.90</azimuth>
            <stationIntensity unit="級">1</stationIntensity>
            <pga unit="gal">
              <vComponent>0.96</vComponent>
              <nsComponent>1.79</nsComponent>
              <ewComponent>1.56</ewComponent>
            </pga>
            <infoStatus>observe</infoStatus>
            <waveImageURI>https://scweb.cwb.gov.tw/webdata/drawTrace/outcome/2017/2017035/1-WDL.gif</waveImageURI>
          </eqStation>
        </shakingArea>
        <shakingArea>
          <areaDesc>彰化縣地區</areaDesc>
          <areaName>彰化縣</areaName>
          <areaIntensity unit="級">2</areaIntensity>
          <infoStatus>observe</infoStatus>
          <eqStation>
            <stationName>彰化市</stationName>
            <stationCode>WCH</stationCode>
            <stationLon unit="度">120.56</stationLon>
            <stationLat unit="度">24.08</stationLat>
            <distance unit="公里">106.65</distance>
            <azimuth unit="度">123.12</azimuth>
            <stationIntensity unit="級">2</stationIntensity>
            <pga unit="gal">
              <vComponent>1.32</vComponent>
              <nsComponent>4.25</nsComponent>
              <ewComponent>2.63</ewComponent>
            </pga>
            <infoStatus>observe</infoStatus>
            <waveImageURI>https://scweb.cwb.gov.tw/webdata/drawTrace/outcome/2017/2017035/2-WCH.gif</waveImageURI>
          </eqStation>
          <eqStation>
            <stationName>二水</stationName>
            <stationCode>WES</stationCode>
            <stationLon unit="度">120.62</stationLon>
            <stationLat unit="度">23.81</stationLat>
            <distance unit="公里">87.85</distance>
            <azimuth unit="度">108.75</azimuth>
            <stationIntensity unit="級">1</stationIntensity>
            <pga unit="gal">
              <vComponent>1.14</vComponent>
              <nsComponent>1.67</nsComponent>
              <ewComponent>2.09</ewComponent>
            </pga>
            <infoStatus>observe</infoStatus>
            <waveImageURI>https://scweb.cwb.gov.tw/webdata/drawTrace/outcome/2017/2017035/1-WES.gif</waveImageURI>
          </eqStation>
          <eqStation>
            <stationName>員林</stationName>
            <stationCode>WYL</stationCode>
            <stationLon unit="度">120.58</stationLon>
            <stationLat unit="度">23.96</stationLat>
            <distance unit="公里">97.86</distance>
            <azimuth unit="度">117.26</azimuth>
            <stationIntensity unit="級">1</stationIntensity>
            <pga unit="gal">
              <vComponent>1.38</vComponent>
              <nsComponent>1.67</nsComponent>
              <ewComponent>1.56</ewComponent>
            </pga>
            <infoStatus>observe</infoStatus>
            <waveImageURI>https://scweb.cwb.gov.tw/webdata/drawTrace/outcome/2017/2017035/1-WYL.gif</waveImageURI>
          </eqStation>
          <eqStation>
            <stationName>大城</stationName>
            <stationCode>WTC</stationCode>
            <stationLon unit="度">120.29</stationLon>
            <stationLat unit="度">23.86</stationLat>
            <distance unit="公里">121.51</distance>
            <azimuth unit="度">106.17</azimuth>
            <stationIntensity unit="級">1</stationIntensity>
            <pga unit="gal">
              <vComponent>0.42</vComponent>
              <nsComponent>1.14</nsComponent>
              <ewComponent>0.84</ewComponent>
            </pga>
            <infoStatus>observe</infoStatus>
            <waveImageURI>https://scweb.cwb.gov.tw/webdata/drawTrace/outcome/2017/2017035/1-WTC.gif</waveImageURI>
          </eqStation>
        </shakingArea>
        <shakingArea>
          <areaDesc>臺中市地區</areaDesc>
          <areaName>臺中市</areaName>
          <areaIntensity unit="級">2</areaIntensity>
          <infoStatus>observe</infoStatus>
          <eqStation>
            <stationName>大肚</stationName>
            <stationCode>WDD</stationCode>
            <stationLon unit="度">120.56</stationLon>
            <stationLat unit="度">24.13</stationLat>
            <distance unit="公里">109.96</distance>
            <azimuth unit="度">125.69</azimuth>
            <stationIntensity unit="級">2</stationIntensity>
            <pga unit="gal">
              <vComponent>0.96</vComponent>
              <nsComponent>3.65</nsComponent>
              <ewComponent>2.93</ewComponent>
            </pga>
            <infoStatus>observe</infoStatus>
            <waveImageURI>https://scweb.cwb.gov.tw/webdata/drawTrace/outcome/2017/2017035/2-WDD.gif</waveImageURI>
          </eqStation>
          <eqStation>
            <stationName>德基</stationName>
            <stationCode>TWT</stationCode>
            <stationLon unit="度">121.16</stationLon>
            <stationLat unit="度">24.25</stationLat>
            <distance unit="公里">81.67</distance>
            <azimuth unit="度">160.18</azimuth>
            <stationIntensity unit="級">1</stationIntensity>
            <pga unit="gal">
              <vComponent>0.72</vComponent>
              <nsComponent>2.21</nsComponent>
              <ewComponent>1.44</ewComponent>
            </pga>
            <infoStatus>observe</infoStatus>
            <waveImageURI>https://scweb.cwb.gov.tw/webdata/drawTrace/outcome/2017/2017035/1-TWT.gif</waveImageURI>
          </eqStation>
          <eqStation>
            <stationName>霧峰</stationName>
            <stationCode>WWF</stationCode>
            <stationLon unit="度">120.70</stationLon>
            <stationLat unit="度">24.04</stationLat>
            <distance unit="公里">92.31</distance>
            <azimuth unit="度">125.76</azimuth>
            <stationIntensity unit="級">1</stationIntensity>
            <pga unit="gal">
              <vComponent>0.84</vComponent>
              <nsComponent>0.84</nsComponent>
              <ewComponent>0.96</ewComponent>
            </pga>
            <infoStatus>observe</infoStatus>
            <waveImageURI>https://scweb.cwb.gov.tw/webdata/drawTrace/outcome/2017/2017035/1-WWF.gif</waveImageURI>
          </eqStation>
          <eqStation>
            <stationName>東勢</stationName>
            <stationCode>WDS</stationCode>
            <stationLon unit="度">120.83</stationLon>
            <stationLat unit="度">24.26</stationLat>
            <distance unit="公里">99.18</distance>
            <azimuth unit="度">141.75</azimuth>
            <stationIntensity unit="級">1</stationIntensity>
            <pga unit="gal">
              <vComponent>1.08</vComponent>
              <nsComponent>0.78</nsComponent>
              <ewComponent>0.90</ewComponent>
            </pga>
            <infoStatus>observe</infoStatus>
            <waveImageURI>https://scweb.cwb.gov.tw/webdata/drawTrace/outcome/2017/2017035/1-WDS.gif</waveImageURI>
          </eqStation>
          <eqStation>
            <stationName>臺中市</stationName>
            <stationCode>TCU</stationCode>
            <stationLon unit="度">120.68</stationLon>
            <stationLat unit="度">24.15</stationLat>
            <distance unit="公里">100.51</distance>
            <azimuth unit="度">130.57</azimuth>
            <stationIntensity unit="級">1</stationIntensity>
            <pga unit="gal">
              <vComponent>0.72</vComponent>
              <nsComponent>0.84</nsComponent>
              <ewComponent>0.84</ewComponent>
            </pga>
            <infoStatus>observe</infoStatus>
            <waveImageURI>https://scweb.cwb.gov.tw/webdata/drawTrace/outcome/2017/2017035/1-TCU.gif</waveImageURI>
          </eqStation>
        </shakingArea>
        <shakingArea>
          <areaDesc>嘉義縣地區</areaDesc>
          <areaName>嘉義縣</areaName>
          <areaIntensity unit="級">1</areaIntensity>
          <infoStatus>observe</infoStatus>
          <eqStation>
            <stationName>阿里山</stationName>
            <stationCode>ALS</stationCode>
            <stationLon unit="度">120.81</stationLon>
            <stationLat unit="度">23.51</stationLat>
            <distance unit="公里">63.55</distance>
            <azimuth unit="度">85.17</azimuth>
            <stationIntensity unit="級">1</stationIntensity>
            <pga unit="gal">
              <vComponent>1.20</vComponent>
              <nsComponent>1.91</nsComponent>
              <ewComponent>1.32</ewComponent>
            </pga>
            <infoStatus>observe</infoStatus>
            <waveImageURI>https://scweb.cwb.gov.tw/webdata/drawTrace/outcome/2017/2017035/1-ALS.gif</waveImageURI>
          </eqStation>
          <eqStation>
            <stationName>草山</stationName>
            <stationCode>CHN4</stationCode>
            <stationLon unit="度">120.59</stationLon>
            <stationLat unit="度">23.35</stationLat>
            <distance unit="公里">88.73</distance>
            <azimuth unit="度">75.13</azimuth>
            <stationIntensity unit="級">1</stationIntensity>
            <pga unit="gal">
              <vComponent>0.42</vComponent>
              <nsComponent>1.14</nsComponent>
              <ewComponent>0.66</ewComponent>
            </pga>
            <infoStatus>observe</infoStatus>
            <waveImageURI>https://scweb.cwb.gov.tw/webdata/drawTrace/outcome/2017/2017035/1-CHN4.gif</waveImageURI>
          </eqStation>
        </shakingArea>
        <shakingArea>
          <areaDesc>南投縣地區</areaDesc>
          <areaName>南投縣</areaName>
          <areaIntensity unit="級">1</areaIntensity>
          <infoStatus>observe</infoStatus>
          <eqStation>
            <stationName>日月潭</stationName>
            <stationCode>SML</stationCode>
            <stationLon unit="度">120.91</stationLon>
            <stationLat unit="度">23.88</stationLat>
            <distance unit="公里">64.57</distance>
            <azimuth unit="度">123.95</azimuth>
            <stationIntensity unit="級">1</stationIntensity>
            <pga unit="gal">
              <vComponent>0.66</vComponent>
              <nsComponent>1.26</nsComponent>
              <ewComponent>1.91</ewComponent>
            </pga>
            <infoStatus>observe</infoStatus>
            <waveImageURI>https://scweb.cwb.gov.tw/webdata/drawTrace/outcome/2017/2017035/1-SML.gif</waveImageURI>
          </eqStation>
          <eqStation>
            <stationName>合歡山</stationName>
            <stationCode>WHF</stationCode>
            <stationLon unit="度">121.27</stationLon>
            <stationLat unit="度">24.14</stationLat>
            <distance unit="公里">67.16</distance>
            <azimuth unit="度">165.87</azimuth>
            <stationIntensity unit="級">1</stationIntensity>
          </eqStation>
          <eqStation>
            <stationName>名間</stationName>
            <stationCode>WNT</stationCode>
            <stationLon unit="度">120.69</stationLon>
            <stationLat unit="度">23.88</stationLat>
            <distance unit="公里">83.49</distance>
            <azimuth unit="度">115.18</azimuth>
            <stationIntensity unit="級">1</stationIntensity>
            <pga unit="gal">
              <vComponent>0.78</vComponent>
              <nsComponent>1.79</nsComponent>
              <ewComponent>2.03</ewComponent>
            </pga>
            <infoStatus>observe</infoStatus>
            <waveImageURI>https://scweb.cwb.gov.tw/webdata/drawTrace/outcome/2017/2017035/1-WNT.gif</waveImageURI>
          </eqStation>
          <eqStation>
            <stationName>南投市</stationName>
            <stationCode>WNT1</stationCode>
            <stationLon unit="度">120.68</stationLon>
            <stationLat unit="度">23.91</stationLat>
            <distance unit="公里">86.09</distance>
            <azimuth unit="度">116.84</azimuth>
            <stationIntensity unit="級">1</stationIntensity>
            <pga unit="gal">
              <vComponent>1.44</vComponent>
              <nsComponent>1.02</nsComponent>
              <ewComponent>1.02</ewComponent>
            </pga>
            <infoStatus>observe</infoStatus>
            <waveImageURI>https://scweb.cwb.gov.tw/webdata/drawTrace/outcome/2017/2017035/1-WNT1.gif</waveImageURI>
          </eqStation>
        </shakingArea>
        <shakingArea>
          <areaDesc>高雄市地區</areaDesc>
          <areaName>高雄市</areaName>
          <areaIntensity unit="級">1</areaIntensity>
          <infoStatus>observe</infoStatus>
          <eqStation>
            <stationName>桃源</stationName>
            <stationCode>STY</stationCode>
            <stationLon unit="度">120.77</stationLon>
            <stationLat unit="度">23.16</stationLat>
            <distance unit="公里">81.17</distance>
            <azimuth unit="度">57.25</azimuth>
            <stationIntensity unit="級">1</stationIntensity>
            <pga unit="gal">
              <vComponent>0.54</vComponent>
              <nsComponent>1.50</nsComponent>
              <ewComponent>1.50</ewComponent>
            </pga>
            <infoStatus>observe</infoStatus>
            <waveImageURI>https://scweb.cwb.gov.tw/webdata/drawTrace/outcome/2017/2017035/1-STY.gif</waveImageURI>
          </eqStation>
        </shakingArea>
        <shakingArea>
          <areaDesc>宜蘭縣地區</areaDesc>
          <areaName>宜蘭縣</areaName>
          <areaIntensity unit="級">1</areaIntensity>
          <infoStatus>observe</infoStatus>
          <eqStation>
            <stationName>南山</stationName>
            <stationCode>NNS</stationCode>
            <stationLon unit="度">121.38</stationLon>
            <stationLat unit="度">24.44</stationLat>
            <distance unit="公里">97.90</distance>
            <azimuth unit="度">176.89</azimuth>
            <stationIntensity unit="級">1</stationIntensity>
            <pga unit="gal">
              <vComponent>0.48</vComponent>
              <nsComponent>1.14</nsComponent>
              <ewComponent>1.02</ewComponent>
            </pga>
            <infoStatus>observe</infoStatus>
            <waveImageURI>https://scweb.cwb.gov.tw/webdata/drawTrace/outcome/2017/2017035/1-NNS.gif</waveImageURI>
          </eqStation>
          <eqStation>
            <stationName>南澳</stationName>
            <stationCode>ENA</stationCode>
            <stationLon unit="度">121.75</stationLon>
            <stationLat unit="度">24.43</stationLat>
            <distance unit="公里">101.65</distance>
            <azimuth unit="度">198.41</azimuth>
            <stationIntensity unit="級">1</stationIntensity>
            <pga unit="gal">
              <vComponent>0.54</vComponent>
              <nsComponent>1.08</nsComponent>
              <ewComponent>1.14</ewComponent>
            </pga>
            <infoStatus>observe</infoStatus>
            <waveImageURI>https://scweb.cwb.gov.tw/webdata/drawTrace/outcome/2017/2017035/1-ENA.gif</waveImageURI>
          </eqStation>
        </shakingArea>
        <shakingArea>
          <areaDesc>嘉義市地區</areaDesc>
          <areaName>嘉義市</areaName>
          <areaIntensity unit="級">1</areaIntensity>
          <infoStatus>observe</infoStatus>
          <eqStation>
            <stationName>嘉義市</stationName>
            <stationCode>CHY</stationCode>
            <stationLon unit="度">120.43</stationLon>
            <stationLat unit="度">23.50</stationLat>
            <distance unit="公里">102.41</distance>
            <azimuth unit="度">86.24</azimuth>
            <stationIntensity unit="級">1</stationIntensity>
            <pga unit="gal">
              <vComponent>0.36</vComponent>
              <nsComponent>1.20</nsComponent>
              <ewComponent>1.50</ewComponent>
            </pga>
            <infoStatus>observe</infoStatus>
            <waveImageURI>https://scweb.cwb.gov.tw/webdata/drawTrace/outcome/2017/2017035/1-CHY.gif</waveImageURI>
          </eqStation>
        </shakingArea>
        <shakingArea>
          <areaDesc>苗栗縣地區</areaDesc>
          <areaName>苗栗縣</areaName>
          <areaIntensity unit="級">1</areaIntensity>
          <infoStatus>observe</infoStatus>
          <eqStation>
            <stationName>鯉魚潭</stationName>
            <stationCode>TWQ1</stationCode>
            <stationLon unit="度">120.78</stationLon>
            <stationLat unit="度">24.35</stationLat>
            <distance unit="公里">109.98</distance>
            <azimuth unit="度">142.84</azimuth>
            <stationIntensity unit="級">1</stationIntensity>
            <pga unit="gal">
              <vComponent>0.84</vComponent>
              <nsComponent>0.84</nsComponent>
              <ewComponent>0.78</ewComponent>
            </pga>
            <infoStatus>observe</infoStatus>
            <waveImageURI>https://scweb.cwb.gov.tw/webdata/drawTrace/outcome/2017/2017035/1-TWQ1.gif</waveImageURI>
          </eqStation>
        </shakingArea>
        <shakingArea>
          <areaDesc>臺南市地區</areaDesc>
          <areaName>臺南市</areaName>
          <areaIntensity unit="級">1</areaIntensity>
          <infoStatus>observe</infoStatus>
          <eqStation>
            <stationName>新化</stationName>
            <stationCode>CHN3</stationCode>
            <stationLon unit="度">120.36</stationLon>
            <stationLat unit="度">23.08</stationLat>
            <distance unit="公里">121.63</distance>
            <azimuth unit="度">63.98</azimuth>
            <stationIntensity unit="級">1</stationIntensity>
            <pga unit="gal">
              <vComponent>0.36</vComponent>
              <nsComponent>0.96</nsComponent>
              <ewComponent>0.66</ewComponent>
            </pga>
            <infoStatus>observe</infoStatus>
            <waveImageURI>https://scweb.cwb.gov.tw/webdata/drawTrace/outcome/2017/2017035/1-CHN3.gif</waveImageURI>
          </eqStation>
        </shakingArea>
        <shakingArea>
          <areaDesc>最大震度3級地區</areaDesc>
          <areaName>花蓮縣</areaName>
          <areaIntensity unit="級">3</areaIntensity>
        </shakingArea>
        <shakingArea>
          <areaDesc>最大震度2級地區</areaDesc>
          <areaName>臺東縣、雲林縣、彰化縣、臺中市</areaName>
          <areaIntensity unit="級">2</areaIntensity>
        </shakingArea>
        <shakingArea>
          <areaDesc>最大震度1級地區</areaDesc>
          <areaName>嘉義縣、南投縣、高雄市、宜蘭縣、嘉義市、苗栗縣、臺南市</areaName>
          <areaIntensity unit="級">1</areaIntensity>
        </shakingArea>
      </intensity>
      <reportRemark>嘉義縣、南投縣、高雄市、宜蘭縣、嘉義市、苗栗縣、臺南市</reportRemark>
    </earthquake>
  </dataset>
</cwbopendata>