﻿<?xml version="1.0" encoding="UTF-8" ?>
<cwbopendata xmlns="urn:cwb:gov:tw:cwbcommon:0.1">
  <identifier>CWB-EQ106056-2017-1123-061942</identifier>
  <sender>CWB_SC@scman.cwb.gov.tw</sender>
  <sent>2018-09-10T18:19:26+08:00</sent>
  <status>Actual</status>
  <msgType>Issue</msgType>
  <source>CWB</source>
  <scope>Public</scope>
  <dataset>
    <datasetInfo>
      <datasetDescription>地震報告</datasetDescription>
      <datasetLanguage>zh-TW</datasetLanguage>
      <issueTime>2018-09-10T18:19:26+08:00</issueTime>
      <validTime><endTime>2018-09-11T02:19:26+08:00</endTime></validTime>
    </datasetInfo>
    <earthquake>
      <reportType>地震報告</reportType>
      <earthquakeNo>106056</earthquakeNo>
      <reportContent>11/23-06:19嘉義縣阿里山鄉發生規模3.9有感地震，最大震度雲林縣草嶺、嘉義縣阿里山3級。</reportContent>
      <reportColor>綠色</reportColor>
      <web>https://scweb.cwb.gov.tw/GraphicContent.aspx?ItemId=49&amp;fileString=2017112306194239056</web>
      <reportImageURI>https://scweb.cwb.gov.tw/webdata/OLDEQ/201711/2017112306194239056.gif</reportImageURI>
      <shakemapImageURI>https://scweb.cwb.gov.tw/webdata/drawTrace/plotContour/2017/2017056.gif</shakemapImageURI>
      <earthquakeInfo>
        <originTime>2017-11-23T06:19:42+08:00</originTime>
        <epicenter>
          <epicenterLon unit="度">120.74</epicenterLon>
          <epicenterLat unit="度">23.60</epicenterLat>
          <location>嘉義縣政府東偏北方  47.8  公里 (位於嘉義縣阿里山鄉)</location>
        </epicenter>
        <depth unit="公里">14.0</depth>
        <magnitude>
          <magnitudeType>芮氏規模</magnitudeType>
          <magnitudeValue>3.9</magnitudeValue>
        </magnitude>
        <source>中央氣象局</source>
      </earthquakeInfo>
      <intensity>
        <shakingArea>
          <areaDesc>雲林縣地區</areaDesc>
          <areaName>雲林縣</areaName>
          <areaIntensity unit="級">3</areaIntensity>
          <infoStatus>observe</infoStatus>
          <eqStation>
            <stationName>草嶺</stationName>
            <stationCode>CHN5</stationCode>
            <stationLon unit="度">120.68</stationLon>
            <stationLat unit="度">23.60</stationLat>
            <distance unit="公里">6.08</distance>
            <azimuth unit="度">91.53</azimuth>
            <stationIntensity unit="級">3</stationIntensity>
            <pga unit="gal">
              <vComponent>2.63</vComponent>
              <nsComponent>10.23</nsComponent>
              <ewComponent>15.43</ewComponent>
            </pga>
            <infoStatus>observe</infoStatus>
            <waveImageURI>https://scweb.cwb.gov.tw/webdata/drawTrace/outcome/2017/2017056/3-CHN5.gif</waveImageURI>
          </eqStation>
          <eqStation>
            <stationName>古坑</stationName>
            <stationCode>WGK</stationCode>
            <stationLon unit="度">120.57</stationLon>
            <stationLat unit="度">23.68</stationLat>
            <distance unit="公里">19.63</distance>
            <azimuth unit="度">120.07</azimuth>
            <stationIntensity unit="級">3</stationIntensity>
            <pga unit="gal">
              <vComponent>8.13</vComponent>
              <nsComponent>9.99</nsComponent>
              <ewComponent>18.36</ewComponent>
            </pga>
            <infoStatus>observe</infoStatus>
            <waveImageURI>https://scweb.cwb.gov.tw/webdata/drawTrace/outcome/2017/2017056/3-WGK.gif</waveImageURI>
          </eqStation>
          <eqStation>
            <stationName>斗六市</stationName>
            <stationCode>WDL</stationCode>
            <stationLon unit="度">120.54</stationLon>
            <stationLat unit="度">23.72</stationLat>
            <distance unit="公里">24.17</distance>
            <azimuth unit="度">123.16</azimuth>
            <stationIntensity unit="級">2</stationIntensity>
            <pga unit="gal">
              <vComponent>3.47</vComponent>
              <nsComponent>3.11</nsComponent>
              <ewComponent>2.33</ewComponent>
            </pga>
            <infoStatus>observe</infoStatus>
            <waveImageURI>https://scweb.cwb.gov.tw/webdata/drawTrace/outcome/2017/2017056/2-WDL.gif</waveImageURI>
          </eqStation>
          <eqStation>
            <stationName>四湖</stationName>
            <stationCode>WSF</stationCode>
            <stationLon unit="度">120.23</stationLon>
            <stationLat unit="度">23.64</stationLat>
            <distance unit="公里">51.93</distance>
            <azimuth unit="度">94.96</azimuth>
            <stationIntensity unit="級">1</stationIntensity>
            <pga unit="gal">
              <vComponent>0.72</vComponent>
              <nsComponent>1.91</nsComponent>
              <ewComponent>1.38</ewComponent>
            </pga>
            <infoStatus>observe</infoStatus>
            <waveImageURI>https://scweb.cwb.gov.tw/webdata/drawTrace/outcome/2017/2017056/1-WSF.gif</waveImageURI>
          </eqStation>
        </shakingArea>
        <shakingArea>
          <areaDesc>嘉義縣地區</areaDesc>
          <areaName>嘉義縣</areaName>
          <areaIntensity unit="級">3</areaIntensity>
          <infoStatus>observe</infoStatus>
          <eqStation>
            <stationName>阿里山</stationName>
            <stationCode>ALS</stationCode>
            <stationLon unit="度">120.81</stationLon>
            <stationLat unit="度">23.51</stationLat>
            <distance unit="公里">12.46</distance>
            <azimuth unit="度">321.21</azimuth>
            <stationIntensity unit="級">3</stationIntensity>
            <pga unit="gal">
              <vComponent>4.19</vComponent>
              <nsComponent>10.23</nsComponent>
              <ewComponent>5.08</ewComponent>
            </pga>
            <infoStatus>observe</infoStatus>
            <waveImageURI>https://scweb.cwb.gov.tw/webdata/drawTrace/outcome/2017/2017056/3-ALS.gif</waveImageURI>
          </eqStation>
          <eqStation>
            <stationName>大埔</stationName>
            <stationCode>WTP</stationCode>
            <stationLon unit="度">120.62</stationLon>
            <stationLat unit="度">23.24</stationLat>
            <distance unit="公里">40.78</distance>
            <azimuth unit="度">16.68</azimuth>
            <stationIntensity unit="級">1</stationIntensity>
            <pga unit="gal">
              <vComponent>0.30</vComponent>
              <nsComponent>0.66</nsComponent>
              <ewComponent>1.08</ewComponent>
            </pga>
            <infoStatus>observe</infoStatus>
            <waveImageURI>https://scweb.cwb.gov.tw/webdata/drawTrace/outcome/2017/2017056/1-WTP.gif</waveImageURI>
          </eqStation>
          <eqStation>
            <stationName>六腳</stationName>
            <stationCode>CHN7</stationCode>
            <stationLon unit="度">120.24</stationLon>
            <stationLat unit="度">23.48</stationLat>
            <distance unit="公里">52.29</distance>
            <azimuth unit="度">76.19</azimuth>
            <stationIntensity unit="級">1</stationIntensity>
            <pga unit="gal">
              <vComponent>0.60</vComponent>
              <nsComponent>1.02</nsComponent>
              <ewComponent>0.72</ewComponent>
            </pga>
            <infoStatus>observe</infoStatus>
            <waveImageURI>https://scweb.cwb.gov.tw/webdata/drawTrace/outcome/2017/2017056/1-CHN7.gif</waveImageURI>
          </eqStation>
          <eqStation>
            <stationName>草山</stationName>
            <stationCode>CHN4</stationCode>
            <stationLon unit="度">120.59</stationLon>
            <stationLat unit="度">23.35</stationLat>
            <distance unit="公里">30.80</distance>
            <azimuth unit="度">28.27</azimuth>
            <stationIntensity unit="級">1</stationIntensity>
          </eqStation>
        </shakingArea>
        <shakingArea>
          <areaDesc>南投縣地區</areaDesc>
          <areaName>南投縣</areaName>
          <areaIntensity unit="級">2</areaIntensity>
          <infoStatus>observe</infoStatus>
          <eqStation>
            <stationName>名間</stationName>
            <stationCode>WNT</stationCode>
            <stationLon unit="度">120.69</stationLon>
            <stationLat unit="度">23.88</stationLat>
            <distance unit="公里">31.49</distance>
            <azimuth unit="度">171.75</azimuth>
            <stationIntensity unit="級">2</stationIntensity>
            <pga unit="gal">
              <vComponent>1.67</vComponent>
              <nsComponent>3.41</nsComponent>
              <ewComponent>5.68</ewComponent>
            </pga>
            <infoStatus>observe</infoStatus>
            <waveImageURI>https://scweb.cwb.gov.tw/webdata/drawTrace/outcome/2017/2017056/2-WNT.gif</waveImageURI>
          </eqStation>
          <eqStation>
            <stationName>南投市</stationName>
            <stationCode>WNT1</stationCode>
            <stationLon unit="度">120.68</stationLon>
            <stationLat unit="度">23.91</stationLat>
            <distance unit="公里">34.98</distance>
            <azimuth unit="度">170.47</azimuth>
            <stationIntensity unit="級">1</stationIntensity>
            <pga unit="gal">
              <vComponent>1.44</vComponent>
              <nsComponent>0.78</nsComponent>
              <ewComponent>0.90</ewComponent>
            </pga>
            <infoStatus>observe</infoStatus>
            <waveImageURI>https://scweb.cwb.gov.tw/webdata/drawTrace/outcome/2017/2017056/1-WNT1.gif</waveImageURI>
          </eqStation>
        </shakingArea>
        <shakingArea>
          <areaDesc>嘉義市地區</areaDesc>
          <areaName>嘉義市</areaName>
          <areaIntensity unit="級">2</areaIntensity>
          <infoStatus>observe</infoStatus>
          <eqStation>
            <stationName>嘉義市</stationName>
            <stationCode>CHY</stationCode>
            <stationLon unit="度">120.43</stationLon>
            <stationLat unit="度">23.50</stationLat>
            <distance unit="公里">32.97</distance>
            <azimuth unit="度">70.37</azimuth>
            <stationIntensity unit="級">2</stationIntensity>
            <pga unit="gal">
              <vComponent>1.50</vComponent>
              <nsComponent>6.10</nsComponent>
              <ewComponent>3.71</ewComponent>
            </pga>
            <infoStatus>observe</infoStatus>
            <waveImageURI>https://scweb.cwb.gov.tw/webdata/drawTrace/outcome/2017/2017056/2-CHY.gif</waveImageURI>
          </eqStation>
        </shakingArea>
        <shakingArea>
          <areaDesc>彰化縣地區</areaDesc>
          <areaName>彰化縣</areaName>
          <areaIntensity unit="級">2</areaIntensity>
          <infoStatus>observe</infoStatus>
          <eqStation>
            <stationName>員林</stationName>
            <stationCode>WYL</stationCode>
            <stationLon unit="度">120.58</stationLon>
            <stationLat unit="度">23.96</stationLat>
            <distance unit="公里">43.50</distance>
            <azimuth unit="度">158.44</azimuth>
            <stationIntensity unit="級">2</stationIntensity>
            <pga unit="gal">
              <vComponent>2.93</vComponent>
              <nsComponent>4.79</nsComponent>
              <ewComponent>3.35</ewComponent>
            </pga>
            <infoStatus>observe</infoStatus>
            <waveImageURI>https://scweb.cwb.gov.tw/webdata/drawTrace/outcome/2017/2017056/2-WYL.gif</waveImageURI>
          </eqStation>
          <eqStation>
            <stationName>彰化市</stationName>
            <stationCode>WCH</stationCode>
            <stationLon unit="度">120.56</stationLon>
            <stationLat unit="度">24.08</stationLat>
            <distance unit="公里">56.94</distance>
            <azimuth unit="度">161.21</azimuth>
            <stationIntensity unit="級">2</stationIntensity>
            <pga unit="gal">
              <vComponent>1.79</vComponent>
              <nsComponent>6.46</nsComponent>
              <ewComponent>5.20</ewComponent>
            </pga>
            <infoStatus>observe</infoStatus>
            <waveImageURI>https://scweb.cwb.gov.tw/webdata/drawTrace/outcome/2017/2017056/2-WCH.gif</waveImageURI>
          </eqStation>
          <eqStation>
            <stationName>二水</stationName>
            <stationCode>WES</stationCode>
            <stationLon unit="度">120.62</stationLon>
            <stationLat unit="度">23.81</stationLat>
            <distance unit="公里">26.78</distance>
            <azimuth unit="度">153.05</azimuth>
            <stationIntensity unit="級">1</stationIntensity>
            <pga unit="gal">
              <vComponent>1.26</vComponent>
              <nsComponent>2.39</nsComponent>
              <ewComponent>2.03</ewComponent>
            </pga>
            <infoStatus>observe</infoStatus>
            <waveImageURI>https://scweb.cwb.gov.tw/webdata/drawTrace/outcome/2017/2017056/1-WES.gif</waveImageURI>
          </eqStation>
          <eqStation>
            <stationName>大城</stationName>
            <stationCode>WTC</stationCode>
            <stationLon unit="度">120.29</stationLon>
            <stationLat unit="度">23.86</stationLat>
            <distance unit="公里">54.34</distance>
            <azimuth unit="度">122.85</azimuth>
            <stationIntensity unit="級">1</stationIntensity>
            <pga unit="gal">
              <vComponent>0.66</vComponent>
              <nsComponent>1.20</nsComponent>
              <ewComponent>0.78</ewComponent>
            </pga>
            <infoStatus>observe</infoStatus>
            <waveImageURI>https://scweb.cwb.gov.tw/webdata/drawTrace/outcome/2017/2017056/1-WTC.gif</waveImageURI>
          </eqStation>
        </shakingArea>
        <shakingArea>
          <areaDesc>高雄市地區</areaDesc>
          <areaName>高雄市</areaName>
          <areaIntensity unit="級">1</areaIntensity>
          <infoStatus>observe</infoStatus>
          <eqStation>
            <stationName>桃源</stationName>
            <stationCode>STY</stationCode>
            <stationLon unit="度">120.77</stationLon>
            <stationLat unit="度">23.16</stationLat>
            <distance unit="公里">48.36</distance>
            <azimuth unit="度">356.49</azimuth>
            <stationIntensity unit="級">1</stationIntensity>
            <pga unit="gal">
              <vComponent>0.42</vComponent>
              <nsComponent>1.02</nsComponent>
              <ewComponent>0.96</ewComponent>
            </pga>
            <infoStatus>observe</infoStatus>
            <waveImageURI>https://scweb.cwb.gov.tw/webdata/drawTrace/outcome/2017/2017056/1-STY.gif</waveImageURI>
          </eqStation>
        </shakingArea>
        <shakingArea>
          <areaDesc>臺中市地區</areaDesc>
          <areaName>臺中市</areaName>
          <areaIntensity unit="級">1</areaIntensity>
          <infoStatus>observe</infoStatus>
          <eqStation>
            <stationName>霧峰</stationName>
            <stationCode>WWF</stationCode>
            <stationLon unit="度">120.70</stationLon>
            <stationLat unit="度">24.04</stationLat>
            <distance unit="公里">49.74</distance>
            <azimuth unit="度">175.47</azimuth>
            <stationIntensity unit="級">1</stationIntensity>
            <pga unit="gal">
              <vComponent>0.84</vComponent>
              <nsComponent>1.08</nsComponent>
              <ewComponent>1.56</ewComponent>
            </pga>
            <infoStatus>observe</infoStatus>
            <waveImageURI>https://scweb.cwb.gov.tw/webdata/drawTrace/outcome/2017/2017056/1-WWF.gif</waveImageURI>
          </eqStation>
          <eqStation>
            <stationName>臺中市</stationName>
            <stationCode>TCU</stationCode>
            <stationLon unit="度">120.68</stationLon>
            <stationLat unit="度">24.15</stationLat>
            <distance unit="公里">61.25</distance>
            <azimuth unit="度">174.96</azimuth>
            <stationIntensity unit="級">1</stationIntensity>
            <pga unit="gal">
              <vComponent>0.24</vComponent>
              <nsComponent>0.60</nsComponent>
              <ewComponent>0.84</ewComponent>
            </pga>
            <infoStatus>observe</infoStatus>
            <waveImageURI>https://scweb.cwb.gov.tw/webdata/drawTrace/outcome/2017/2017056/1-TCU.gif</waveImageURI>
          </eqStation>
          <eqStation>
            <stationName>大肚</stationName>
            <stationCode>WDD</stationCode>
            <stationLon unit="度">120.56</stationLon>
            <stationLat unit="度">24.13</stationLat>
            <distance unit="公里">62.54</distance>
            <azimuth unit="度">162.95</azimuth>
            <stationIntensity unit="級">1</stationIntensity>
            <pga unit="gal">
              <vComponent>0.54</vComponent>
              <nsComponent>1.26</nsComponent>
              <ewComponent>1.50</ewComponent>
            </pga>
            <infoStatus>observe</infoStatus>
            <waveImageURI>https://scweb.cwb.gov.tw/webdata/drawTrace/outcome/2017/2017056/1-WDD.gif</waveImageURI>
          </eqStation>
        </shakingArea>
        <shakingArea>
          <areaDesc>臺南市地區</areaDesc>
          <areaName>臺南市</areaName>
          <areaIntensity unit="級">1</areaIntensity>
          <infoStatus>observe</infoStatus>
          <eqStation>
            <stationName>佳里</stationName>
            <stationCode>SCL</stationCode>
            <stationLon unit="度">120.20</stationLon>
            <stationLat unit="度">23.17</stationLat>
            <distance unit="公里">72.02</distance>
            <azimuth unit="度">49.42</azimuth>
            <stationIntensity unit="級">1</stationIntensity>
            <pga unit="gal">
              <vComponent>0.30</vComponent>
              <nsComponent>0.84</nsComponent>
              <ewComponent>1.02</ewComponent>
            </pga>
            <infoStatus>observe</infoStatus>
            <waveImageURI>https://scweb.cwb.gov.tw/webdata/drawTrace/outcome/2017/2017056/1-SCL.gif</waveImageURI>
          </eqStation>
          <eqStation>
            <stationName>七股</stationName>
            <stationCode>SCK</stationCode>
            <stationLon unit="度">120.09</stationLon>
            <stationLat unit="度">23.15</stationLat>
            <distance unit="公里">83.10</distance>
            <azimuth unit="度">53.17</azimuth>
            <stationIntensity unit="級">1</stationIntensity>
            <pga unit="gal">
              <vComponent>0.30</vComponent>
              <nsComponent>0.96</nsComponent>
              <ewComponent>0.96</ewComponent>
            </pga>
            <infoStatus>observe</infoStatus>
            <waveImageURI>https://scweb.cwb.gov.tw/webdata/drawTrace/outcome/2017/2017056/1-SCK.gif</waveImageURI>
          </eqStation>
        </shakingArea>
        <shakingArea>
          <areaDesc>臺東縣地區</areaDesc>
          <areaName>臺東縣</areaName>
          <areaIntensity unit="級">1</areaIntensity>
          <infoStatus>observe</infoStatus>
          <eqStation>
            <stationName>利稻</stationName>
            <stationCode>ELD</stationCode>
            <stationLon unit="度">121.03</stationLon>
            <stationLat unit="度">23.19</stationLat>
            <distance unit="公里">54.09</distance>
            <azimuth unit="度">326.98</azimuth>
            <stationIntensity unit="級">1</stationIntensity>
          </eqStation>
        </shakingArea>
        <shakingArea>
          <areaDesc>最大震度3級地區</areaDesc>
          <areaName>雲林縣、嘉義縣</areaName>
          <areaIntensity unit="級">3</areaIntensity>
        </shakingArea>
        <shakingArea>
          <areaDesc>最大震度2級地區</areaDesc>
          <areaName>南投縣、嘉義市、彰化縣</areaName>
          <areaIntensity unit="級">2</areaIntensity>
        </shakingArea>
        <shakingArea>
          <areaDesc>最大震度1級地區</areaDesc>
          <areaName>高雄市、臺中市、臺南市、臺東縣</areaName>
          <areaIntensity unit="級">1</areaIntensity>
        </shakingArea>
      </intensity>
      <reportRemark>高雄市、臺中市、臺南市、臺東縣</reportRemark>
    </earthquake>
  </dataset>
</cwbopendata>